id	layer	check	verdict	subject	evidence	autofix	action
C1-d88302	conservation	C1	DIVERGIERT	DiagnosticReport/mii-exa-molgen-molekulargenetischer-befundbericht-1	in the source (fsh-generated/resources), absent from the target's fsh-generated by both id and canonical url	-	transfer the artefact (step 4) or record it as deliberately retired
C1-55ce51	conservation	C1	DIVERGIERT	DiagnosticReport/mii-exa-molgen-molekulargenetischer-befundbericht-2	in the source (fsh-generated/resources), absent from the target's fsh-generated by both id and canonical url	-	transfer the artefact (step 4) or record it as deliberately retired
C1-716419	conservation	C1	DIVERGIERT	DiagnosticReport/mii-exa-molgen-molekulargenetischer-befundbericht-fgfr2-fusion	in the source (fsh-generated/resources), absent from the target's fsh-generated by both id and canonical url	-	transfer the artefact (step 4) or record it as deliberately retired
C1-3b6722	conservation	C1	DIVERGIERT	DiagnosticReport/mii-exa-molgen-molekulargenetischer-befundbericht-srcc	in the source (fsh-generated/resources), absent from the target's fsh-generated by both id and canonical url	-	transfer the artefact (step 4) or record it as deliberately retired
C1-3a38c8	conservation	C1	DIVERGIERT	DiagnosticReport/mii-exa-molgen-molekulargenetischer-befundbericht-trurisk-panel	in the source (fsh-generated/resources), absent from the target's fsh-generated by both id and canonical url	-	transfer the artefact (step 4) or record it as deliberately retired
C1-81a08c	conservation	C1	DIVERGIERT	DiagnosticReport/mii-exa-molgen-molekulargenetischer-befundbericht-tumorboard-3	in the source (fsh-generated/resources), absent from the target's fsh-generated by both id and canonical url	-	transfer the artefact (step 4) or record it as deliberately retired
C2-93bb2a	conservation	C2	IDENTISCH	output/de (133 artefacts)	every generated resource is rendered and listed in artifacts.html	-	-
C2-48c992	conservation	C2	IDENTISCH	output/en (133 artefacts)	every generated resource is rendered and listed in artifacts.html	-	-
C3-2e4ab3	conservation	C3	IDENTISCH	BeschreibungvonSzenarienfrdieAnwendungderModule.page.md	migrated -> input/pagecontent/guidance.md (input/pagecontent/guidance.md)	-	-
C3-26ba62	conservation	C3	IDENTISCH	Datenstzeinkl.Beschreibungen.page.md	migrated -> input/pagecontent/logical-models.md (input/pagecontent/logical-models.md)	-	-
C3-38310d	conservation	C3	IDENTISCH	Anwendungsfaelle-Informationsmodell/Index.page.md	migrated -> input/pagecontent/guidance.md (input/pagecontent/guidance.md)	-	-
C3-fcd593	conservation	C3	IDENTISCH	UML.page.md	migrated -> input/pagecontent/uml-diagrams.md (input/pagecontent/uml-diagrams.md)	-	-
C3-07a4a0	conservation	C3	IDENTISCH	BeschreibungModulMolekulargenetischerBefundbericht.page.md	migrated -> input/pagecontent/guidance.md (input/pagecontent/guidance.md)	-	-
C3-99d695	conservation	C3	IDENTISCH	MIIIGModulMolekulargenetischerBefundbericht/Index.page.md	migrated -> input/pagecontent/index.md (input/pagecontent/index.md)	-	-
C3-c7063c	conservation	C3	IDENTISCH	KontextimGesamtprojektBezgezuanderenModulen.page.md	migrated -> input/pagecontent/implementer-guidance.md (input/pagecontent/implementer-guidance.md)	-	-
C3-178b64	conservation	C3	IDENTISCH	Qualitaetsbericht.page.md	migrated -> input/pagecontent/qualitaetsbericht.md (input/pagecontent/qualitaetsbericht.md)	-	-
C3-b75bba	conservation	C3	IDENTISCH	Referenzen.page.md	migrated -> input/pagecontent/implementer-guidance.md (input/pagecontent/implementer-guidance.md)	-	-
C3-4fb47d	conservation	C3	IDENTISCH	ReleaseNotes.page.md	migrated -> input/pagecontent/changes.md (input/pagecontent/changes.md)	-	-
C3-32eff4	conservation	C3	IDENTISCH	CapabilityStatement.page.md	migrated -> input/pagecontent/capability-statements.md (input/pagecontent/capability-statements.md)	-	-
C3-e8cf6f	conservation	C3	IDENTISCH	Familienanamnese---FamilyMemberHistory.page.md	migrated -> input/intro-notes/StructureDefinition-mii-pr-molgen-familienanamnese-intro.md (input/intro-notes/StructureDefinition-mii-pr-molgen-familienanamnese-intro.md)	-	-
C3-b4b0ca	conservation	C3	IDENTISCH	Familienanamnese-Extensions.page.md	migrated -> input/pagecontent/extensions.md (input/pagecontent/extensions.md)	-	-
C3-f9c5ea	conservation	C3	IDENTISCH	Familienanamnese/Index.page.md	migrated -> input/pagecontent/profiles.md (input/pagecontent/profiles.md)	-	-
C3-f5a6e0	conservation	C3	IDENTISCH	Genotyp---Observation.page.md	migrated -> input/intro-notes/StructureDefinition-mii-pr-molgen-genotyp-intro.md (input/intro-notes/StructureDefinition-mii-pr-molgen-genotyp-intro.md)	-	-
C3-a49fbd	conservation	C3	IDENTISCH	Haplotype-Observation.page.md	migrated -> input/pagecontent/implementer-guidance.md (input/pagecontent/implementer-guidance.md)	-	-
C3-73b20d	conservation	C3	IDENTISCH	GenetischeBefunde/Index.page.md	migrated -> input/pagecontent/profiles.md (input/pagecontent/profiles.md)	-	-
C3-5bd7af	conservation	C3	IDENTISCH	Sequence-Phase-Relationship---Observation.page.md	migrated -> input/pagecontent/implementer-guidance.md (input/pagecontent/implementer-guidance.md)	-	-
C3-e4ec02	conservation	C3	IDENTISCH	Variante-Observation.page.md	migrated -> input/intro-notes/StructureDefinition-mii-pr-molgen-variante-intro.md (input/intro-notes/StructureDefinition-mii-pr-molgen-variante-intro.md)	-	-
C3-34cfbf	conservation	C3	IDENTISCH	DiagnostischeImplikation-Observation.page.md	migrated -> input/intro-notes/StructureDefinition-mii-pr-molgen-diagnostische-implikation-intro.md (input/intro-notes/StructureDefinition-mii-pr-molgen-diagnostische-implikation-intro.md)	-	-
C3-f080ce	conservation	C3	IDENTISCH	GenetischeImplikationen/Index.page.md	migrated -> input/pagecontent/profiles.md (input/pagecontent/profiles.md)	-	-
C3-d1c544	conservation	C3	IDENTISCH	MolekulareKonsequenz-Observation.page.md	migrated -> input/intro-notes/StructureDefinition-mii-pr-molgen-molekulare-konsequenz-intro.md (input/intro-notes/StructureDefinition-mii-pr-molgen-molekulare-konsequenz-intro.md)	-	-
C3-de0433	conservation	C3	IDENTISCH	TherapeutischeImplikation-Observation.page.md	migrated -> input/intro-notes/StructureDefinition-mii-pr-molgen-therapeutische-implikation-intro.md (input/intro-notes/StructureDefinition-mii-pr-molgen-therapeutische-implikation-intro.md)	-	-
C3-2fe7d8	conservation	C3	IDENTISCH	TechnischeImplementierung/Index.page.md	migrated -> input/pagecontent/profiles.md (input/pagecontent/profiles.md)	-	-
C3-6c9bfa	conservation	C3	IDENTISCH	GenomicStudy-Procedure.page.md	migrated -> input/intro-notes/StructureDefinition-mii-pr-molgen-genomic-study-intro.md (input/intro-notes/StructureDefinition-mii-pr-molgen-genomic-study-intro.md)	-	-
C3-e8cbe7	conservation	C3	IDENTISCH	GenomicStudyAnalysis-Procedure.page.md	migrated -> input/intro-notes/StructureDefinition-mii-pr-molgen-genomic-study-analysis-intro.md (input/intro-notes/StructureDefinition-mii-pr-molgen-genomic-study-analysis-intro.md)	-	-
C3-2d42a5	conservation	C3	IDENTISCH	Methodik/Index.page.md	migrated -> input/pagecontent/profiles.md (input/pagecontent/profiles.md)	-	-
C3-e084a9	conservation	C3	IDENTISCH	MolekulareBiomarker/Index.page.md	migrated -> input/pagecontent/profiles.md (input/pagecontent/profiles.md)	-	-
C3-c7e8fc	conservation	C3	IDENTISCH	Mikrosatelliteninstabilitt-Observation.page.md	migrated -> input/intro-notes/StructureDefinition-mii-pr-molgen-mikrosatelliteninstabilitaet-intro.md (input/intro-notes/StructureDefinition-mii-pr-molgen-mikrosatelliteninstabilitaet-intro.md)	-	-
C3-4d048a	conservation	C3	IDENTISCH	Mutationslast-Observation.page.md	migrated -> input/intro-notes/StructureDefinition-mii-pr-molgen-mutationslast-intro.md (input/intro-notes/StructureDefinition-mii-pr-molgen-mutationslast-intro.md)	-	-
C3-311179	conservation	C3	IDENTISCH	Polygener-Risiko-Score---RiskAssessment.page.md	migrated -> input/intro-notes/StructureDefinition-mii-pr-molgen-polygener-risiko-score-intro.md (input/intro-notes/StructureDefinition-mii-pr-molgen-polygener-risiko-score-intro.md)	-	-
C3-125f20	conservation	C3	IDENTISCH	ClinicalGenomics.page.md	migrated -> input/pagecontent/value-sets.md (input/pagecontent/value-sets.md)	-	-
C3-687b2e	conservation	C3	IDENTISCH	Terminologie/Index.page.md	migrated -> input/pagecontent/value-sets.md (input/pagecontent/value-sets.md)	-	-
C3-46df7f	conservation	C3	IDENTISCH	MII-ValueSets.page.md	migrated -> input/pagecontent/value-sets.md (input/pagecontent/value-sets.md)	-	-
C3-d04b32	conservation	C3	IDENTISCH	Terminologien.page.md	migrated -> input/pagecontent/value-sets.md (input/pagecontent/value-sets.md)	-	-
C3-ddcbad	conservation	C3	IDENTISCH	EmpfohleneFolgemanahme-Task.page.md	migrated -> input/intro-notes/StructureDefinition-mii-pr-molgen-empfohlene-folgemassnahme-intro.md (input/intro-notes/StructureDefinition-mii-pr-molgen-empfohlene-folgemassnahme-intro.md)	-	-
C3-21f95e	conservation	C3	IDENTISCH	Therapieempfehlungen/Index.page.md	migrated -> input/pagecontent/profiles.md (input/pagecontent/profiles.md)	-	-
C3-4bbc09	conservation	C3	IDENTISCH	Medikationsempfehlung-Task.page.md	migrated -> input/intro-notes/StructureDefinition-mii-pr-molgen-medikationsempfehlung-intro.md (input/intro-notes/StructureDefinition-mii-pr-molgen-medikationsempfehlung-intro.md)	-	-
C3-5fccbc	conservation	C3	IDENTISCH	Anforderung-ServiceRequest.page.md	migrated -> input/intro-notes/StructureDefinition-mii-pr-molgen-anforderung-genetischer-test-intro.md (input/intro-notes/StructureDefinition-mii-pr-molgen-anforderung-genetischer-test-intro.md)	-	-
C3-a72801	conservation	C3	IDENTISCH	Befundbericht-DiagnosticReport.page.md	migrated -> input/intro-notes/StructureDefinition-mii-pr-molgen-molekulargenetischer-befundbericht-intro.md (input/intro-notes/StructureDefinition-mii-pr-molgen-molekulargenetischer-befundbericht-intro.md)	-	-
C3-12f426	conservation	C3	IDENTISCH	Workflow/Index.page.md	migrated -> input/pagecontent/profiles.md (input/pagecontent/profiles.md)	-	-
C4-eb0694	conservation	C4	NICHT PRUEFBAR	Anforderung-ServiceRequest.page.md	the source page embeds an element-tree rendering (5 occurrences of the renderer's marker); 2 of 15 runs are in no target page, but prose and rendered view cannot be told apart in it	-	read the page against its target: migration replaces the VIEW with the artefact page (R1), so only its prose has to be conserved -- and only a human can say which is which here
C4-518fef	conservation	C4	IDENTISCH	Anwendungsfaelle-Informationsmodell/Index.page.md	all 12 prose runs present in the target's de corpus	-	-
C4-5a0324	conservation	C4	NICHT PRUEFBAR	Befundbericht-DiagnosticReport.page.md	the source page embeds an element-tree rendering (5 occurrences of the renderer's marker); 4 of 32 runs are in no target page, but prose and rendered view cannot be told apart in it	-	read the page against its target: migration replaces the VIEW with the artefact page (R1), so only its prose has to be conserved -- and only a human can say which is which here
C4-8aa05b	conservation	C4	DIVERGIERT	BeschreibungModulMolekulargenetischerBefundbericht.page.md	2 of 65 PROSE runs of the source page are in no target page (first: Vorläufige Abbildungen in FHIR werden im Molekularne Tumorbo…)	-	map the missing text to a target page section, or record the loss in the report's content map
C4-e4b03b	conservation	C4	DIVERGIERT	BeschreibungvonSzenarienfrdieAnwendungderModule.page.md	7 of 46 PROSE runs of the source page are in no target page (first: Damit und durch die Verfügbarkeit kostengünstiger Tests ha…)	-	map the missing text to a target page section, or record the loss in the report's content map
C4-196ae3	conservation	C4	DIVERGIERT	CapabilityStatement.page.md	3 of 6 PROSE runs of the source page are in no target page (first: Um eine dezentrale Datenauswertung mittels des Deutsche Fors…)	-	map the missing text to a target page section, or record the loss in the report's content map
C4-11a4af	conservation	C4	DIVERGIERT	ClinicalGenomics.page.md	10 of 13 PROSE runs of the source page are in no target page (first: Die folgenden ValueSets und CodeSystems werden aus dem [HL7 …); 4 generated table row(s) excluded -- migration replaces that view with the artefact page (R1 checks THAT)	-	map the missing text to a target page section, or record the loss in the report's content map
C4-22cb93	conservation	C4	DIVERGIERT	Datenstzeinkl.Beschreibungen.page.md	3 of 5 PROSE runs of the source page are in no target page (first: Die Datenelemente im Bereich **Indikation / Anforderung** be…)	-	map the missing text to a target page section, or record the loss in the report's content map
C4-619ff9	conservation	C4	NICHT PRUEFBAR	DiagnostischeImplikation-Observation.page.md	the source page embeds an element-tree rendering (5 occurrences of the renderer's marker); 2 of 29 runs are in no target page, but prose and rendered view cannot be told apart in it	-	read the page against its target: migration replaces the VIEW with the artefact page (R1), so only its prose has to be conserved -- and only a human can say which is which here
C4-92c04d	conservation	C4	NICHT PRUEFBAR	EmpfohleneFolgemanahme-Task.page.md	the source page embeds an element-tree rendering (5 occurrences of the renderer's marker); 2 of 13 runs are in no target page, but prose and rendered view cannot be told apart in it	-	read the page against its target: migration replaces the VIEW with the artefact page (R1), so only its prose has to be conserved -- and only a human can say which is which here
C4-4590e3	conservation	C4	NICHT PRUEFBAR	Familienanamnese---FamilyMemberHistory.page.md	the source page embeds an element-tree rendering (5 occurrences of the renderer's marker); 2 of 16 runs are in no target page, but prose and rendered view cannot be told apart in it	-	read the page against its target: migration replaces the VIEW with the artefact page (R1), so only its prose has to be conserved -- and only a human can say which is which here
C4-a86d9a	conservation	C4	DIVERGIERT	Familienanamnese-Extensions.page.md	5 of 11 PROSE runs of the source page are in no target page (first: Diese Seite dokumentiert die spezifischen Extensions für die…)	-	map the missing text to a target page section, or record the loss in the report's content map
C4-26ee13	conservation	C4	DIVERGIERT	Familienanamnese/Index.page.md	2 of 6 PROSE runs of the source page are in no target page (first: Grades) - Verwandtschaftsverhältnis (leiblich, adoptiert) - …)	-	map the missing text to a target page section, or record the loss in the report's content map
C4-d21b98	conservation	C4	DIVERGIERT	GenetischeBefunde/Index.page.md	1 of 7 PROSE runs of the source page are in no target page (first: - HGVS-Notation auf verschiedenen Ebenen (genomisch, Transkr…)	-	map the missing text to a target page section, or record the loss in the report's content map
C4-08078a	conservation	C4	DIVERGIERT	GenetischeImplikationen/Index.page.md	1 of 6 PROSE runs of the source page are in no target page (first: - Pathogenität nach ACMG-Kriterien (pathogen, likely pathoge…)	-	map the missing text to a target page section, or record the loss in the report's content map
C4-49ff70	conservation	C4	NICHT PRUEFBAR	GenomicStudy-Procedure.page.md	the source page embeds an element-tree rendering (5 occurrences of the renderer's marker); 2 of 11 runs are in no target page, but prose and rendered view cannot be told apart in it	-	read the page against its target: migration replaces the VIEW with the artefact page (R1), so only its prose has to be conserved -- and only a human can say which is which here
C4-e0ab7b	conservation	C4	NICHT PRUEFBAR	GenomicStudyAnalysis-Procedure.page.md	the source page embeds an element-tree rendering (5 occurrences of the renderer's marker); 2 of 11 runs are in no target page, but prose and rendered view cannot be told apart in it	-	read the page against its target: migration replaces the VIEW with the artefact page (R1), so only its prose has to be conserved -- and only a human can say which is which here
C4-aef940	conservation	C4	NICHT PRUEFBAR	Genotyp---Observation.page.md	the source page embeds an element-tree rendering (5 occurrences of the renderer's marker); 2 of 26 runs are in no target page, but prose and rendered view cannot be told apart in it	-	read the page against its target: migration replaces the VIEW with the artefact page (R1), so only its prose has to be conserved -- and only a human can say which is which here
C4-684290	conservation	C4	NICHT PRUEFBAR	Haplotype-Observation.page.md	the source page embeds an element-tree rendering (5 occurrences of the renderer's marker); 2 of 25 runs are in no target page, but prose and rendered view cannot be told apart in it	-	read the page against its target: migration replaces the VIEW with the artefact page (R1), so only its prose has to be conserved -- and only a human can say which is which here
C4-6b5222	conservation	C4	DIVERGIERT	KontextimGesamtprojektBezgezuanderenModulen.page.md	2 of 11 PROSE runs of the source page are in no target page (first: Das [KDS-Modul Molekulares Tumorboard]( nutzt dieses Modul a…)	-	map the missing text to a target page section, or record the loss in the report's content map
C4-16b7e3	conservation	C4	IDENTISCH	MII-ValueSets.page.md	all 5 prose runs present in the target's de corpus	-	-
C4-7b68c5	conservation	C4	DIVERGIERT	MIIIGModulMolekulargenetischerBefundbericht/Index.page.md	6 of 17 PROSE runs of the source page are in no target page (first: Fragen zu der vorliegenden Publikation können jederzeit unte…); 6 generated table row(s) excluded -- migration replaces that view with the artefact page (R1 checks THAT)	-	map the missing text to a target page section, or record the loss in the report's content map
C4-754f12	conservation	C4	NICHT PRUEFBAR	Medikationsempfehlung-Task.page.md	the source page embeds an element-tree rendering (5 occurrences of the renderer's marker); 2 of 13 runs are in no target page, but prose and rendered view cannot be told apart in it	-	read the page against its target: migration replaces the VIEW with the artefact page (R1), so only its prose has to be conserved -- and only a human can say which is which here
C4-49dfca	conservation	C4	DIVERGIERT	Methodik/Index.page.md	1 of 7 PROSE runs of the source page are in no target page (first: - Gene und Genpanels (HGNC) - Genomische Koordinaten - Trans…)	-	map the missing text to a target page section, or record the loss in the report's content map
C4-817529	conservation	C4	NICHT PRUEFBAR	Mikrosatelliteninstabilitt-Observation.page.md	the source page embeds an element-tree rendering (5 occurrences of the renderer's marker); 2 of 25 runs are in no target page, but prose and rendered view cannot be told apart in it	-	read the page against its target: migration replaces the VIEW with the artefact page (R1), so only its prose has to be conserved -- and only a human can say which is which here
C4-3774d2	conservation	C4	DIVERGIERT	MolekulareBiomarker/Index.page.md	2 of 9 PROSE runs of the source page are in no target page (first: Alle Biomarker-Profile erben vom [Clinical Genomics STU3 Mol…)	-	map the missing text to a target page section, or record the loss in the report's content map
C4-c54257	conservation	C4	NICHT PRUEFBAR	MolekulareKonsequenz-Observation.page.md	the source page embeds an element-tree rendering (5 occurrences of the renderer's marker); 2 of 14 runs are in no target page, but prose and rendered view cannot be told apart in it	-	read the page against its target: migration replaces the VIEW with the artefact page (R1), so only its prose has to be conserved -- and only a human can say which is which here
C4-796a55	conservation	C4	NICHT PRUEFBAR	Mutationslast-Observation.page.md	the source page embeds an element-tree rendering (5 occurrences of the renderer's marker); 2 of 25 runs are in no target page, but prose and rendered view cannot be told apart in it	-	read the page against its target: migration replaces the VIEW with the artefact page (R1), so only its prose has to be conserved -- and only a human can say which is which here
C4-81212d	conservation	C4	NICHT PRUEFBAR	Polygener-Risiko-Score---RiskAssessment.page.md	the source page embeds an element-tree rendering (5 occurrences of the renderer's marker); 0 of 2 runs are in no target page, but prose and rendered view cannot be told apart in it	-	read the page against its target: migration replaces the VIEW with the artefact page (R1), so only its prose has to be conserved -- and only a human can say which is which here
C4-36b680	conservation	C4	DIVERGIERT	Qualitaetsbericht.page.md	4 of 12 PROSE runs of the source page are in no target page (first: # Qualitätsbericht / Validation Report Dieses Modul wird kon…); 21 generated table row(s) excluded -- migration replaces that view with the artefact page (R1 checks THAT)	-	map the missing text to a target page section, or record the loss in the report's content map
C4-fe91db	conservation	C4	DIVERGIERT	Referenzen.page.md	1 of 4 PROSE runs of the source page are in no target page (first: [ Die FHIR Profile wurden unter Berücksichtigung und Anwendu…)	-	map the missing text to a target page section, or record the loss in the report's content map
C4-546e48	conservation	C4	DIVERGIERT	ReleaseNotes.page.md	21 of 59 PROSE runs of the source page are in no target page (first: - Lokaler Package-Build enthält ausschließlich JSON-Ressourc…); 8 generated table row(s) excluded -- migration replaces that view with the artefact page (R1 checks THAT)	-	map the missing text to a target page section, or record the loss in the report's content map
C4-a9ca85	conservation	C4	NICHT PRUEFBAR	Sequence-Phase-Relationship---Observation.page.md	the source page embeds an element-tree rendering (5 occurrences of the renderer's marker); 1 of 2 runs are in no target page, but prose and rendered view cannot be told apart in it	-	read the page against its target: migration replaces the VIEW with the artefact page (R1), so only its prose has to be conserved -- and only a human can say which is which here
C4-fc1144	conservation	C4	DIVERGIERT	TechnischeImplementierung/Index.page.md	2 of 11 PROSE runs of the source page are in no target page (first: Hinweise zur Verwendung der Elemente im Rahmen der Befundung…); 19 generated table row(s) excluded -- migration replaces that view with the artefact page (R1 checks THAT)	-	map the missing text to a target page section, or record the loss in the report's content map
C4-13166e	conservation	C4	IDENTISCH	Terminologie/Index.page.md	all 5 prose runs present in the target's de corpus; 16 generated table row(s) excluded -- migration replaces that view with the artefact page (R1 checks THAT)	-	-
C4-dcd614	conservation	C4	DIVERGIERT	Terminologien.page.md	1 of 9 PROSE runs of the source page are in no target page (first: [NCBI MANE]( Die Verwendung einiger Terminologien erfordert …); 31 generated table row(s) excluded -- migration replaces that view with the artefact page (R1 checks THAT)	-	map the missing text to a target page section, or record the loss in the report's content map
C4-7c3639	conservation	C4	NICHT PRUEFBAR	TherapeutischeImplikation-Observation.page.md	the source page embeds an element-tree rendering (5 occurrences of the renderer's marker); 2 of 26 runs are in no target page, but prose and rendered view cannot be told apart in it	-	read the page against its target: migration replaces the VIEW with the artefact page (R1), so only its prose has to be conserved -- and only a human can say which is which here
C4-70a776	conservation	C4	DIVERGIERT	Therapieempfehlungen/Index.page.md	1 of 6 PROSE runs of the source page are in no target page (first: CYP2D6, TPMT, DPYD, HLA-B*57:01 - Familienuntersuchung bei h…)	-	map the missing text to a target page section, or record the loss in the report's content map
C4-d47516	conservation	C4	DIVERGIERT	UML.page.md	1 of 5 PROSE runs of the source page are in no target page (first: Dieses logische Model dient nur zur Abbildung der Dateneleme…)	-	map the missing text to a target page section, or record the loss in the report's content map
C4-6efeeb	conservation	C4	NICHT PRUEFBAR	Variante-Observation.page.md	the source page embeds an element-tree rendering (5 occurrences of the renderer's marker); 3 of 36 runs are in no target page, but prose and rendered view cannot be told apart in it	-	read the page against its target: migration replaces the VIEW with the artefact page (R1), so only its prose has to be conserved -- and only a human can say which is which here
C4-ff6eec	conservation	C4	DIVERGIERT	Workflow/Index.page.md	1 of 9 PROSE runs of the source page are in no target page (first: Ableitung therapeutischer oder diagnostischer Konsequenzen -…)	-	map the missing text to a target page section, or record the loss in the report's content map
C5-f09e26	conservation	C5	IDENTISCH	input/includes/menu.xml	all 27 menu entries resolve to a real page	-	-
C5-d64c1f	conservation	C5	IDENTISCH	input/translations/de/includes/menu.xml	all 27 menu entries resolve to a real page	-	-
C5-8e783d	conservation	C5	IDENTISCH	19 narrative pages	every one is reachable from a menu entry	-	-
C5-2d86b5	conservation	C5	NICHT PRUEFBAR	target pages without a source counterpart	references/template-pages.tsv is measured at module-template v0.11.1, but this module vendors v0.13.0 -- a stale manifest produces confident wrong findings in both directions	-	re-measure template-pages.tsv at the vendored tag (record the tag in the third column), then re-run
C6-91a615	conservation	C6	IDENTISCH	Anforderung-ServiceRequest.page.md	13 of 15 runs placed, most on StructureDefinition-mii-pr-molgen-anforderung-genetischer-test-intro -- the mapped target	-	-
C6-7d0c4b	conservation	C6	IDENTISCH	Anwendungsfaelle-Informationsmodell/Index.page.md	12 of 12 runs placed, most on guidance -- the mapped target	-	-
C6-c7f2b2	conservation	C6	IDENTISCH	Befundbericht-DiagnosticReport.page.md	28 of 32 runs placed, most on StructureDefinition-mii-pr-molgen-molekulargenetischer-befundbericht-intro -- the mapped target	-	-
C6-8d4209	conservation	C6	IDENTISCH	BeschreibungModulMolekulargenetischerBefundbericht.page.md	63 of 65 runs placed, most on guidance -- the mapped target	-	-
C6-602bb1	conservation	C6	IDENTISCH	BeschreibungvonSzenarienfrdieAnwendungderModule.page.md	39 of 46 runs placed, most on guidance -- the mapped target	-	-
C6-c81fe3	conservation	C6	IDENTISCH	CapabilityStatement.page.md	3 of 6 runs placed, most on capability-statements -- the mapped target	-	-
C6-769bb2	conservation	C6	IDENTISCH	ClinicalGenomics.page.md	3 of 13 runs placed, most on value-sets -- the mapped target	-	-
C6-f872e6	conservation	C6	IDENTISCH	Datenstzeinkl.Beschreibungen.page.md	2 of 5 runs placed, most on logical-models -- the mapped target	-	-
C6-fd46b1	conservation	C6	IDENTISCH	DiagnostischeImplikation-Observation.page.md	27 of 29 runs placed, most on StructureDefinition-mii-pr-molgen-diagnostische-implikation-intro -- the mapped target	-	-
C6-bedf00	conservation	C6	IDENTISCH	EmpfohleneFolgemanahme-Task.page.md	11 of 13 runs placed, most on StructureDefinition-mii-pr-molgen-empfohlene-folgemassnahme-intro -- the mapped target	-	-
C6-a4b439	conservation	C6	IDENTISCH	Familienanamnese---FamilyMemberHistory.page.md	14 of 16 runs placed, most on StructureDefinition-mii-pr-molgen-familienanamnese-intro -- the mapped target	-	-
C6-d34443	conservation	C6	IDENTISCH	Familienanamnese-Extensions.page.md	6 of 11 runs placed, most on extensions -- the mapped target	-	-
C6-f93d9b	conservation	C6	IDENTISCH	Familienanamnese/Index.page.md	4 of 6 runs placed, most on profiles -- the mapped target	-	-
C6-ffa535	conservation	C6	IDENTISCH	GenetischeBefunde/Index.page.md	6 of 7 runs placed, most on profiles -- the mapped target	-	-
C6-335fa8	conservation	C6	IDENTISCH	GenetischeImplikationen/Index.page.md	5 of 6 runs placed, most on profiles -- the mapped target	-	-
C6-09b294	conservation	C6	IDENTISCH	GenomicStudy-Procedure.page.md	9 of 11 runs placed, most on StructureDefinition-mii-pr-molgen-genomic-study-intro -- the mapped target	-	-
C6-c76fa5	conservation	C6	IDENTISCH	GenomicStudyAnalysis-Procedure.page.md	9 of 11 runs placed, most on StructureDefinition-mii-pr-molgen-genomic-study-analysis-intro -- the mapped target	-	-
C6-29ec85	conservation	C6	IDENTISCH	Genotyp---Observation.page.md	24 of 26 runs placed, most on StructureDefinition-mii-pr-molgen-genotyp-intro -- the mapped target	-	-
C6-d125bf	conservation	C6	IDENTISCH	Haplotype-Observation.page.md	23 of 25 runs placed, most on implementer-guidance -- the mapped target	-	-
C6-1dd4ca	conservation	C6	IDENTISCH	KontextimGesamtprojektBezgezuanderenModulen.page.md	9 of 11 runs placed, most on implementer-guidance -- the mapped target	-	-
C6-909875	conservation	C6	IDENTISCH	MII-ValueSets.page.md	5 of 5 runs placed, most on value-sets -- the mapped target	-	-
C6-fe3fa1	conservation	C6	IDENTISCH	MIIIGModulMolekulargenetischerBefundbericht/Index.page.md	11 of 17 runs placed, most on index -- the mapped target	-	-
C6-3946cc	conservation	C6	IDENTISCH	Medikationsempfehlung-Task.page.md	11 of 13 runs placed, most on StructureDefinition-mii-pr-molgen-medikationsempfehlung-intro -- the mapped target	-	-
C6-e6e625	conservation	C6	IDENTISCH	Methodik/Index.page.md	6 of 7 runs placed, most on profiles -- the mapped target	-	-
C6-3bacdf	conservation	C6	IDENTISCH	Mikrosatelliteninstabilitt-Observation.page.md	23 of 25 runs placed, most on StructureDefinition-mii-pr-molgen-mikrosatelliteninstabilitaet-intro -- the mapped target	-	-
C6-efd553	conservation	C6	IDENTISCH	MolekulareBiomarker/Index.page.md	7 of 9 runs placed, most on profiles -- the mapped target	-	-
C6-cb39a6	conservation	C6	IDENTISCH	MolekulareKonsequenz-Observation.page.md	12 of 14 runs placed, most on StructureDefinition-mii-pr-molgen-molekulare-konsequenz-intro -- the mapped target	-	-
C6-09aa18	conservation	C6	IDENTISCH	Mutationslast-Observation.page.md	23 of 25 runs placed, most on StructureDefinition-mii-pr-molgen-mutationslast-intro -- the mapped target	-	-
C6-95a77c	conservation	C6	IDENTISCH	Polygener-Risiko-Score---RiskAssessment.page.md	2 of 2 runs placed, most on StructureDefinition-mii-pr-molgen-polygener-risiko-score-intro -- the mapped target	-	-
C6-432a5c	conservation	C6	IDENTISCH	Qualitaetsbericht.page.md	8 of 12 runs placed, most on qualitaetsbericht -- the mapped target	-	-
C6-997ea5	conservation	C6	IDENTISCH	Referenzen.page.md	3 of 4 runs placed, most on implementer-guidance -- the mapped target	-	-
C6-5552a5	conservation	C6	IDENTISCH	ReleaseNotes.page.md	38 of 59 runs placed, most on changes -- the mapped target	-	-
C6-f447f9	conservation	C6	IDENTISCH	Sequence-Phase-Relationship---Observation.page.md	1 of 2 runs placed, most on implementer-guidance -- the mapped target	-	-
C6-cdcf3a	conservation	C6	IDENTISCH	TechnischeImplementierung/Index.page.md	9 of 11 runs placed, most on profiles -- the mapped target	-	-
C6-aab85c	conservation	C6	IDENTISCH	Terminologie/Index.page.md	5 of 5 runs placed, most on value-sets -- the mapped target	-	-
C6-8d2119	conservation	C6	IDENTISCH	Terminologien.page.md	8 of 9 runs placed, most on value-sets -- the mapped target	-	-
C6-0e2f3b	conservation	C6	IDENTISCH	TherapeutischeImplikation-Observation.page.md	24 of 26 runs placed, most on StructureDefinition-mii-pr-molgen-therapeutische-implikation-intro -- the mapped target	-	-
C6-bd7e5f	conservation	C6	IDENTISCH	Therapieempfehlungen/Index.page.md	5 of 6 runs placed, most on profiles -- the mapped target	-	-
C6-dcdd2a	conservation	C6	IDENTISCH	UML.page.md	4 of 5 runs placed, most on uml-diagrams -- the mapped target	-	-
C6-94883b	conservation	C6	IDENTISCH	Variante-Observation.page.md	33 of 36 runs placed, most on StructureDefinition-mii-pr-molgen-variante-intro -- the mapped target	-	-
C6-c7125d	conservation	C6	IDENTISCH	Workflow/Index.page.md	8 of 9 runs placed, most on profiles -- the mapped target	-	-
C7-118c68	conservation	C7	DIVERGIERT	guidance	2 of 65 prose runs of the source page BeschreibungModulMolekulargenetischerBefundbericht.page.md are in no target page (C4), and guidance carries no DERIVED marker at all -- text was rewritten and the guide does not say so	-	mark the passage per spec section 9d (the DERIVED comment plus the visible box, in BOTH language mirrors), or restore the source wording; if the text was deliberately dropped, record that in migration-log/page-map.tsv instead
C7-17116f	conservation	C7	DIVERGIERT	guidance	7 of 46 prose runs of the source page BeschreibungvonSzenarienfrdieAnwendungderModule.page.md are in no target page (C4), and guidance carries no DERIVED marker at all -- text was rewritten and the guide does not say so	-	mark the passage per spec section 9d (the DERIVED comment plus the visible box, in BOTH language mirrors), or restore the source wording; if the text was deliberately dropped, record that in migration-log/page-map.tsv instead
C7-9191f0	conservation	C7	DIVERGIERT	capability-statements	3 of 6 prose runs of the source page CapabilityStatement.page.md are in no target page (C4), and capability-statements carries no DERIVED marker at all -- text was rewritten and the guide does not say so	-	mark the passage per spec section 9d (the DERIVED comment plus the visible box, in BOTH language mirrors), or restore the source wording; if the text was deliberately dropped, record that in migration-log/page-map.tsv instead
C7-583fc9	conservation	C7	DIVERGIERT	value-sets	10 of 13 prose runs of the source page ClinicalGenomics.page.md are in no target page (C4), and value-sets carries no DERIVED marker at all -- text was rewritten and the guide does not say so	-	mark the passage per spec section 9d (the DERIVED comment plus the visible box, in BOTH language mirrors), or restore the source wording; if the text was deliberately dropped, record that in migration-log/page-map.tsv instead
C7-bd1fc5	conservation	C7	DIVERGIERT	logical-models	3 of 5 prose runs of the source page Datenstzeinkl.Beschreibungen.page.md are in no target page (C4), and logical-models carries no DERIVED marker at all -- text was rewritten and the guide does not say so	-	mark the passage per spec section 9d (the DERIVED comment plus the visible box, in BOTH language mirrors), or restore the source wording; if the text was deliberately dropped, record that in migration-log/page-map.tsv instead
C7-5f3ee9	conservation	C7	DIVERGIERT	extensions	5 of 11 prose runs of the source page Familienanamnese-Extensions.page.md are in no target page (C4), and extensions carries no DERIVED marker at all -- text was rewritten and the guide does not say so	-	mark the passage per spec section 9d (the DERIVED comment plus the visible box, in BOTH language mirrors), or restore the source wording; if the text was deliberately dropped, record that in migration-log/page-map.tsv instead
C7-8c8c7d	conservation	C7	DIVERGIERT	profiles	2 of 6 prose runs of the source page Familienanamnese/Index.page.md are in no target page (C4), and profiles carries no DERIVED marker at all -- text was rewritten and the guide does not say so	-	mark the passage per spec section 9d (the DERIVED comment plus the visible box, in BOTH language mirrors), or restore the source wording; if the text was deliberately dropped, record that in migration-log/page-map.tsv instead
C7-6375e7	conservation	C7	DIVERGIERT	profiles	1 of 7 prose runs of the source page GenetischeBefunde/Index.page.md are in no target page (C4), and profiles carries no DERIVED marker at all -- text was rewritten and the guide does not say so	-	mark the passage per spec section 9d (the DERIVED comment plus the visible box, in BOTH language mirrors), or restore the source wording; if the text was deliberately dropped, record that in migration-log/page-map.tsv instead
C7-3c5cfc	conservation	C7	DIVERGIERT	profiles	1 of 6 prose runs of the source page GenetischeImplikationen/Index.page.md are in no target page (C4), and profiles carries no DERIVED marker at all -- text was rewritten and the guide does not say so	-	mark the passage per spec section 9d (the DERIVED comment plus the visible box, in BOTH language mirrors), or restore the source wording; if the text was deliberately dropped, record that in migration-log/page-map.tsv instead
C7-283e85	conservation	C7	DIVERGIERT	implementer-guidance	2 of 11 prose runs of the source page KontextimGesamtprojektBezgezuanderenModulen.page.md are in no target page (C4), and implementer-guidance carries no DERIVED marker at all -- text was rewritten and the guide does not say so	-	mark the passage per spec section 9d (the DERIVED comment plus the visible box, in BOTH language mirrors), or restore the source wording; if the text was deliberately dropped, record that in migration-log/page-map.tsv instead
C7-0209b1	conservation	C7	DIVERGIERT	index	6 of 17 prose runs of the source page MIIIGModulMolekulargenetischerBefundbericht/Index.page.md are in no target page (C4), and index carries no DERIVED marker at all -- text was rewritten and the guide does not say so	-	mark the passage per spec section 9d (the DERIVED comment plus the visible box, in BOTH language mirrors), or restore the source wording; if the text was deliberately dropped, record that in migration-log/page-map.tsv instead
C7-54c992	conservation	C7	DIVERGIERT	profiles	1 of 7 prose runs of the source page Methodik/Index.page.md are in no target page (C4), and profiles carries no DERIVED marker at all -- text was rewritten and the guide does not say so	-	mark the passage per spec section 9d (the DERIVED comment plus the visible box, in BOTH language mirrors), or restore the source wording; if the text was deliberately dropped, record that in migration-log/page-map.tsv instead
C7-70a709	conservation	C7	DIVERGIERT	profiles	2 of 9 prose runs of the source page MolekulareBiomarker/Index.page.md are in no target page (C4), and profiles carries no DERIVED marker at all -- text was rewritten and the guide does not say so	-	mark the passage per spec section 9d (the DERIVED comment plus the visible box, in BOTH language mirrors), or restore the source wording; if the text was deliberately dropped, record that in migration-log/page-map.tsv instead
C7-cfd2df	conservation	C7	DIVERGIERT	qualitaetsbericht	4 of 12 prose runs of the source page Qualitaetsbericht.page.md are in no target page (C4), and qualitaetsbericht carries no DERIVED marker at all -- text was rewritten and the guide does not say so	-	mark the passage per spec section 9d (the DERIVED comment plus the visible box, in BOTH language mirrors), or restore the source wording; if the text was deliberately dropped, record that in migration-log/page-map.tsv instead
C7-177519	conservation	C7	DIVERGIERT	implementer-guidance	1 of 4 prose runs of the source page Referenzen.page.md are in no target page (C4), and implementer-guidance carries no DERIVED marker at all -- text was rewritten and the guide does not say so	-	mark the passage per spec section 9d (the DERIVED comment plus the visible box, in BOTH language mirrors), or restore the source wording; if the text was deliberately dropped, record that in migration-log/page-map.tsv instead
C7-4f50d8	conservation	C7	DIVERGIERT	changes	21 of 59 prose runs of the source page ReleaseNotes.page.md are in no target page (C4), and changes carries no DERIVED marker at all -- text was rewritten and the guide does not say so	-	mark the passage per spec section 9d (the DERIVED comment plus the visible box, in BOTH language mirrors), or restore the source wording; if the text was deliberately dropped, record that in migration-log/page-map.tsv instead
C7-db217b	conservation	C7	DIVERGIERT	profiles	2 of 11 prose runs of the source page TechnischeImplementierung/Index.page.md are in no target page (C4), and profiles carries no DERIVED marker at all -- text was rewritten and the guide does not say so	-	mark the passage per spec section 9d (the DERIVED comment plus the visible box, in BOTH language mirrors), or restore the source wording; if the text was deliberately dropped, record that in migration-log/page-map.tsv instead
C7-ab28dd	conservation	C7	DIVERGIERT	value-sets	1 of 9 prose runs of the source page Terminologien.page.md are in no target page (C4), and value-sets carries no DERIVED marker at all -- text was rewritten and the guide does not say so	-	mark the passage per spec section 9d (the DERIVED comment plus the visible box, in BOTH language mirrors), or restore the source wording; if the text was deliberately dropped, record that in migration-log/page-map.tsv instead
C7-bb0c73	conservation	C7	DIVERGIERT	profiles	1 of 6 prose runs of the source page Therapieempfehlungen/Index.page.md are in no target page (C4), and profiles carries no DERIVED marker at all -- text was rewritten and the guide does not say so	-	mark the passage per spec section 9d (the DERIVED comment plus the visible box, in BOTH language mirrors), or restore the source wording; if the text was deliberately dropped, record that in migration-log/page-map.tsv instead
C7-8a1680	conservation	C7	DIVERGIERT	uml-diagrams	1 of 5 prose runs of the source page UML.page.md are in no target page (C4), and uml-diagrams carries no DERIVED marker at all -- text was rewritten and the guide does not say so	-	mark the passage per spec section 9d (the DERIVED comment plus the visible box, in BOTH language mirrors), or restore the source wording; if the text was deliberately dropped, record that in migration-log/page-map.tsv instead
C7-ad6ed7	conservation	C7	DIVERGIERT	profiles	1 of 9 prose runs of the source page Workflow/Index.page.md are in no target page (C4), and profiles carries no DERIVED marker at all -- text was rewritten and the guide does not say so	-	mark the passage per spec section 9d (the DERIVED comment plus the visible box, in BOTH language mirrors), or restore the source wording; if the text was deliberately dropped, record that in migration-log/page-map.tsv instead
C7-f52fc0	conservation	C7	NICHT PRUEFBAR	Anforderung-ServiceRequest.page.md	C4 could not tell this page's prose from its embedded element-tree rendering, so whether anything was rewritten here is not measured	-	read the page against its target (the same human action C4 asks for) and mark whatever the migration wrote per spec section 9d
C7-e8adab	conservation	C7	NICHT PRUEFBAR	Befundbericht-DiagnosticReport.page.md	C4 could not tell this page's prose from its embedded element-tree rendering, so whether anything was rewritten here is not measured	-	read the page against its target (the same human action C4 asks for) and mark whatever the migration wrote per spec section 9d
C7-8f4b64	conservation	C7	NICHT PRUEFBAR	DiagnostischeImplikation-Observation.page.md	C4 could not tell this page's prose from its embedded element-tree rendering, so whether anything was rewritten here is not measured	-	read the page against its target (the same human action C4 asks for) and mark whatever the migration wrote per spec section 9d
C7-2c06ce	conservation	C7	NICHT PRUEFBAR	EmpfohleneFolgemanahme-Task.page.md	C4 could not tell this page's prose from its embedded element-tree rendering, so whether anything was rewritten here is not measured	-	read the page against its target (the same human action C4 asks for) and mark whatever the migration wrote per spec section 9d
C7-a5ec7c	conservation	C7	NICHT PRUEFBAR	Familienanamnese---FamilyMemberHistory.page.md	C4 could not tell this page's prose from its embedded element-tree rendering, so whether anything was rewritten here is not measured	-	read the page against its target (the same human action C4 asks for) and mark whatever the migration wrote per spec section 9d
C7-cb3018	conservation	C7	NICHT PRUEFBAR	GenomicStudy-Procedure.page.md	C4 could not tell this page's prose from its embedded element-tree rendering, so whether anything was rewritten here is not measured	-	read the page against its target (the same human action C4 asks for) and mark whatever the migration wrote per spec section 9d
C7-02f208	conservation	C7	NICHT PRUEFBAR	GenomicStudyAnalysis-Procedure.page.md	C4 could not tell this page's prose from its embedded element-tree rendering, so whether anything was rewritten here is not measured	-	read the page against its target (the same human action C4 asks for) and mark whatever the migration wrote per spec section 9d
C7-8545ee	conservation	C7	NICHT PRUEFBAR	Genotyp---Observation.page.md	C4 could not tell this page's prose from its embedded element-tree rendering, so whether anything was rewritten here is not measured	-	read the page against its target (the same human action C4 asks for) and mark whatever the migration wrote per spec section 9d
C7-e604c3	conservation	C7	NICHT PRUEFBAR	Haplotype-Observation.page.md	C4 could not tell this page's prose from its embedded element-tree rendering, so whether anything was rewritten here is not measured	-	read the page against its target (the same human action C4 asks for) and mark whatever the migration wrote per spec section 9d
C7-3cb1af	conservation	C7	NICHT PRUEFBAR	Medikationsempfehlung-Task.page.md	C4 could not tell this page's prose from its embedded element-tree rendering, so whether anything was rewritten here is not measured	-	read the page against its target (the same human action C4 asks for) and mark whatever the migration wrote per spec section 9d
C7-921f0f	conservation	C7	NICHT PRUEFBAR	Mikrosatelliteninstabilitt-Observation.page.md	C4 could not tell this page's prose from its embedded element-tree rendering, so whether anything was rewritten here is not measured	-	read the page against its target (the same human action C4 asks for) and mark whatever the migration wrote per spec section 9d
C7-6e6cbb	conservation	C7	NICHT PRUEFBAR	MolekulareKonsequenz-Observation.page.md	C4 could not tell this page's prose from its embedded element-tree rendering, so whether anything was rewritten here is not measured	-	read the page against its target (the same human action C4 asks for) and mark whatever the migration wrote per spec section 9d
C7-c293b4	conservation	C7	NICHT PRUEFBAR	Mutationslast-Observation.page.md	C4 could not tell this page's prose from its embedded element-tree rendering, so whether anything was rewritten here is not measured	-	read the page against its target (the same human action C4 asks for) and mark whatever the migration wrote per spec section 9d
C7-7c3383	conservation	C7	NICHT PRUEFBAR	Polygener-Risiko-Score---RiskAssessment.page.md	C4 could not tell this page's prose from its embedded element-tree rendering, so whether anything was rewritten here is not measured	-	read the page against its target (the same human action C4 asks for) and mark whatever the migration wrote per spec section 9d
C7-1e047a	conservation	C7	NICHT PRUEFBAR	Sequence-Phase-Relationship---Observation.page.md	C4 could not tell this page's prose from its embedded element-tree rendering, so whether anything was rewritten here is not measured	-	read the page against its target (the same human action C4 asks for) and mark whatever the migration wrote per spec section 9d
C7-028a57	conservation	C7	NICHT PRUEFBAR	TherapeutischeImplikation-Observation.page.md	C4 could not tell this page's prose from its embedded element-tree rendering, so whether anything was rewritten here is not measured	-	read the page against its target (the same human action C4 asks for) and mark whatever the migration wrote per spec section 9d
C7-f4f04c	conservation	C7	NICHT PRUEFBAR	Variante-Observation.page.md	C4 could not tell this page's prose from its embedded element-tree rendering, so whether anything was rewritten here is not measured	-	read the page against its target (the same human action C4 asks for) and mark whatever the migration wrote per spec section 9d
F1-093008	fidelity	F1	IDENTISCH	id	mii-ig-molgen-de-v2026 (identical to the source)	-	-
F1-bacf3c	fidelity	F1	IDENTISCH	packageId	de.medizininformatikinitiative.kerndatensatz.molgen (identical to the source)	-	-
F1-489e82	fidelity	F1	IDENTISCH	canonical	https://www.medizininformatik-initiative.de/fhir/ext/modul-m… (identical to the source)	-	-
F1-6cbfea	fidelity	F1	IDENTISCH	version	2026.0.4 (identical to the source)	-	-
F1-8a3995	fidelity	F1	IDENTISCH	status	active (identical to the source)	-	-
F1-b5b102	fidelity	F1	IDENTISCH	title	MII IG Kerndatensatz-Modul Molekulargenetischer Befundberich… (identical to the source)	-	-
F1-7bae24	fidelity	F1	DIVERGIERT	license	source has unrestricted-reuse (no SPDX id), the target declares nothing	-	carry the source value over unchanged (guardrail 1)
F1-5451f2	fidelity	F1	DIVERGIERT	publisher	target Medizininformatik Initiative  vs  source Medizininformatik-Initiative	-	the SOURCE wins (spec 2.2); restore it or record the divergence as a Gate-A decision -- never normalise silently
F1-f60f40	fidelity	F1	IDENTISCH	fhirVersion	4.0.1 (identical to the source)	-	-
F2-d14403	fidelity	F2	DIVERGIERT	de.basisprofil.r4	target 1.5.4  vs  source pin 1.5.x (the source tree (--source))	-	the source pin is the evidence; a registry dist-tag is not. Restore the pin or make the bump a Gate-A decision
F2-0519f5	fidelity	F2	DIVERGIERT	de.medizininformatikinitiative.kerndatensatz.base	target 2026.0.1  vs  source pin 2026.0.x (the source tree (--source))	-	the source pin is the evidence; a registry dist-tag is not. Restore the pin or make the bump a Gate-A decision
F2-6bfac0	fidelity	F2	DIVERGIERT	de.medizininformatikinitiative.kerndatensatz.biobank	target 2026.0.1  vs  source pin 2026.0.x (the source tree (--source))	-	the source pin is the evidence; a registry dist-tag is not. Restore the pin or make the bump a Gate-A decision
F2-ce5cda	fidelity	F2	DIVERGIERT	de.medizininformatikinitiative.kerndatensatz.meta	target 2026.0.0  vs  source pin 2026.0.x (the source tree (--source))	-	the source pin is the evidence; a registry dist-tag is not. Restore the pin or make the bump a Gate-A decision
F2-142c42	fidelity	F2	DIVERGIERT	hl7.fhir.uv.genomics-reporting	target 3.0.0  vs  source pin 3.0.x (the source tree (--source))	-	the source pin is the evidence; a registry dist-tag is not. Restore the pin or make the bump a Gate-A decision
F2-8f9355	fidelity	F2	DIVERGIERT	hl7.terminology.r4	target 6.1.0  vs  source pin 6.1.x (the source tree (--source))	-	the source pin is the evidence; a registry dist-tag is not. Restore the pin or make the bump a Gate-A decision
F2-fd0e73	fidelity	F2	NICHT PRUEFBAR	hl7.fhir.uv.crmi	target-only dependency 2.0.0 (not in the source)	-	confirm at Gate A that this is template machinery (hl7.fhir.uv.crmi is) and not an accidental addition
F2-047205	fidelity	F2	NICHT PRUEFBAR	hl7.fhir.uv.extensions.r4	target-only dependency 5.3.0 (not in the source)	-	confirm at Gate A that this is template machinery (hl7.fhir.uv.crmi is) and not an accidental addition
F3-1a29c4	fidelity	F3	DIVERGIERT	license	the target declares no licence at all	-	declare the source's licence; a missing licence is not a default
F3-ce21cb	fidelity	F3	IDENTISCH	LICENSE file	no LICENSE file in the target -- nothing contradicts the declared scalar (none)	-	-
F4-8d6e41	fidelity	F4	IDENTISCH	41 FSH files	no fhir_comments rules, no whitespace-bearing code references	-	-
P1-fded0e	provenance	P1	DIVERGIERT	template	rendered output was built from de.medizininformatikinitiative.template#1.3.3, the tree carries de.medizininformatikinitiative.template#1.3.2	-	STALE RENDER: rebuild, then re-run verification. A published site whose header names another version than its tree is the 'preview v0.5.0 under v0.5.1' class
P2-264584	provenance	P2	IDENTISCH	vendored template ref	v0.13.0 == latest release v0.13.0	-	-
P3-a28a47	provenance	P3	IDENTISCH	IG Publisher version	2.3.2 == the workflow pin	-	-
P3-c39a79	provenance	P3	NICHT PRUEFBAR	IG Publisher currency	the publisher reports itself out of date (current 2.3.3)	-	upgrading the publisher is a target-repository decision, not a migration one -- record it, do not act on it here
P4-379bde	provenance	P4	IDENTISCH	source guide version	pinned current; (run.log, action guide-pin-unavailable)	-	-
P5-ae41ea	provenance	P5	IDENTISCH	ig.ini	`ig = fsh-generated/resources/ImplementationGuide-mii-ig-molgen-de-v2026.json` exists in the target	-	-
R1-866fe1	rendering	R1	IDENTISCH	output/de	tables, tabs and images all non-empty and resolvable	-	-
R2-00410d	rendering	R2	DIVERGIERT	output/de id="publish-box" [Unknown code]	on 1 page(s), e.g. qualitaetsbericht.html: eschreibung Status HGNC Fusion Notation Unknown code 'HGNC:3689::HGNC:2697' Offizielle Not…	-	rendered header/footer metadata defect -- qa.txt does not report it. Fix the metadata it renders (a jurisdiction code the template cannot resolve is the measured case)
R2-48ed52	rendering	R2	DIVERGIERT	output/de id="ig-status" [{{]	on 1 page(s), e.g. searchform.html: Search {{title}} (Current Build)	-	rendered header/footer metadata defect -- qa.txt does not report it. Fix the metadata it renders (a jurisdiction code the template cannot resolve is the measured case)
R1-e1bc49	rendering	R1	IDENTISCH	output/en	tables, tabs and images all non-empty and resolvable	-	-
R2-0b79eb	rendering	R2	DIVERGIERT	output/en id="publish-box" [Unknown code]	on 1 page(s), e.g. qualitaetsbericht.html: Description Status HGNC fusion notation Unknown code 'HGNC:3689::HGNC:2697' Official notat…	-	rendered header/footer metadata defect -- qa.txt does not report it. Fix the metadata it renders (a jurisdiction code the template cannot resolve is the measured case)
R2-d1da9a	rendering	R2	DIVERGIERT	output/en id="ig-status" [{{]	on 1 page(s), e.g. searchform.html: Search {{title}} (Current Build)	-	rendered header/footer metadata defect -- qa.txt does not report it. Fix the metadata it renders (a jurisdiction code the template cannot resolve is the measured case)
R1-76f413	rendering	R1	NICHT PRUEFBAR	source-versus-target rendering	no harvested source HTML (./migration-log/guide-harvest/html) and/or no page map	-	harvest with --keep-html and write the page map; without a source rendering, 'non-empty where non-empty in the source' has no reference
R3-c3bc54	rendering	R3	IDENTISCH	output/de	all 19 narrative pages differ from the default language	-	-
R4-84ad62	rendering	R4	NICHT PRUEFBAR	template example links	references/template-artifacts.tsv is verified at module-template v0.11.1, but this module vendors v0.13.0 -- a stale token list looks for the wrong scaffolding in both directions	-	re-verify the token list at the vendored tag (update the `# template_tag:` header), then re-run
R5-3988b7	rendering	R5	IDENTISCH	input/translations/de/ImplementationGuide-mii-ig-molgen-de-v2026.po	a translated unit for every one of the 20 page titles	-	-
L0-28d3e4	log	L0	IDENTISCH	./migration-log/run.log	1648 parsed lines, 1 runs	-	-
L1-72b929	log	L1	IDENTISCH	silent-partial-success WARNs	the log carries none across 1648 lines	-	-
L2-0e48db	log	L2	IDENTISCH	1 preflight-analysis	present in the log	-	-
L2-5e1c48	log	L2	DIVERGIERT	pre.2 classify-source-shape	the step emitted NO run-log line	-	a step that did not run is invisible in the target: Every shape-B-only row below is skipped when the shape is unknown, so an unrecorded shape silently disables half of this manifest.. Run it, or record why it was skipped
L2-4fd559	log	L2	DIVERGIERT	pre.5 toolchain	the step emitted NO run-log line	-	a step that did not run is invisible in the target: The pinned SUSHI/goFSH versions are the run's only record of what produced its output.. Run it, or record why it was skipped
L2-541189	log	L2	IDENTISCH	5.1 source-inventory	present in the log	-	-
L2-9a6da6	log	L2	DIVERGIERT	2.1 read-identity	the step emitted NO run-log line	-	a step that did not run is invisible in the target: Identity carried over unread is identity invented.. Run it, or record why it was skipped
L2-23b069	log	L2	NICHT PRUEFBAR	2.1 package-identity	no line in the log; the step is conditional (no sushi-config.yaml in the source)	-	confirm the condition did not hold -- The published package is the only machine source for the dependency PINS (spec §2.1.1).
L2-7163a2	log	L2	IDENTISCH	2.1 repo-identity	present in the log	-	-
L2-07bdbb	log	L2	IDENTISCH	5.1c simplifier-discover	present in the log	-	-
L2-930ba2	log	L2	NICHT PRUEFBAR	5.1d guide-harvest	no line in the log; the step is conditional (the narrative is not in the repository)	-	confirm the condition did not hold -- This is the step whose absence shipped the template's starter pages under a module's name.
L2-91b7ea	log	L2	NICHT PRUEFBAR	5.1b.2 gofsh-input	no line in the log; required only for source shape B, which the log does not state	-	record the shape (pre.2 classify-source-shape) -- The input count, taken BY CONTENT, is the number goFSH's own counts are reconciled against.
L2-f0a960	log	L2	NICHT PRUEFBAR	5.1b.2 gofsh-convert	no line in the log; required only for source shape B, which the log does not state	-	record the shape (pre.2 classify-source-shape) -- goFSH exits 0 having converted 1 of 20 inputs when `-t json-and-xml` is missing; only this line's counts show it.
L2-395531	log	L2	NICHT PRUEFBAR	5.1b.3 sushi-before	no line in the log; required only for source shape B, which the log does not state	-	record the shape (pre.2 classify-source-shape) -- The "41" of 41 → 5: without the baseline the repair's effect is unmeasurable.
L2-837623	log	L2	NICHT PRUEFBAR	5.1b.3 postprocess-gofsh	no line in the log; required only for source shape B, which the log does not state	-	record the shape (pre.2 classify-source-shape) -- The two mechanical repairs; a parse error otherwise TRUNCATES a file while SUSHI still exports the instance.
L2-41942e	log	L2	NICHT PRUEFBAR	5.1b.3 sushi-after	no line in the log; required only for source shape B, which the log does not state	-	record the shape (pre.2 classify-source-shape) -- The "5": the residual, which must be named unresolvable parents and nothing else.
L2-cd2674	log	L2	NICHT PRUEFBAR	5.1b.5 parent-snapshots	no line in the log; the step is conditional (a parent package ships no snapshots)	-	confirm the condition did not hold -- A hand-rolled snapshot fabricates a parent; the detect run is what proves none was needed.
L2-666ef6	log	L2	IDENTISCH	5.2 skeleton-vendored	present in the log	-	-
L2-200a9d	log	L2	IDENTISCH	5.2 sushi-skeleton	present in the log	-	-
L2-9a700e	log	L2	DIVERGIERT	5.3 transfer-artefacts	the step emitted NO run-log line	-	a step that did not run is invisible in the target: The step that moves the module's own content; silence here is a migration that moved nothing.. Run it, or record why it was skipped
L2-8fadca	log	L2	IDENTISCH	5.4 fql-scan	present in the log	-	-
L2-ec69ec	log	L2	IDENTISCH	5.4a optional-page-decisions	present in the log	-	-
L2-b6ec8c	log	L2	IDENTISCH	5.4b security-privacy-decision	present in the log	-	-
L2-254dc3	log	L2	IDENTISCH	5.4c page-routing	present in the log	-	-
L2-21c0ec	log	L2	IDENTISCH	5.4d derived-scan	present in the log	-	-
L2-a85d96	log	L2	IDENTISCH	5.5 gen-page-title-po	present in the log	-	-
L2-619c38	log	L2	IDENTISCH	5.6 sushi-build	present in the log	-	-
L2-a60619	log	L2	IDENTISCH	5.6 ig-publisher	present in the log	-	-
L2-d8144d	log	L2	IDENTISCH	5.6a sibling-skill-check	present in the log	-	-
L2-bce311	log	L2	IDENTISCH	7 prepost-delta	present in the log	-	-
L2-3b5912	log	L2	IDENTISCH	11 verify-migration	present in the log	-	-
L3-8d972c	log	L3	DIVERGIERT	identity field ?	2 unresolved contradiction WARN(s), first at 2026-08-28T13:53:14Z: identity-contradiction: copyrightYear -- sushi-config.yaml of the SOURCE says '2021+', the source's own home p…	-	unresolved at verification time. It is a Gate-A decision, never a precedence puzzle to settle mechanically -- record it with a `decision:` line naming the field
L3-e74bdc	log	L3	DIVERGIERT	identity field copyrightYear	1 unresolved contradiction WARN(s), first at 2026-08-28T13:53:14Z: identity-contradiction: field=copyrightYear now=2022+ (tier source, same section: 'Copyright (c) 2022+: TMF e.…	-	unresolved at verification time. It is a Gate-A decision, never a precedence puzzle to settle mechanically -- record it with a `decision:` line naming the field
L3-04c169	log	L3	DIVERGIERT	identity field publisher	1 unresolved contradiction WARN(s), first at 2026-08-28T13:18:07Z: identity-contradiction: field=publisher now=Medizininformatik Initiative (tier source, input/fsh/rulesets/publ…	-	unresolved at verification time. It is a Gate-A decision, never a precedence puzzle to settle mechanically -- record it with a `decision:` line naming the field
L3-fac1a0	log	L3	DIVERGIERT	identity field title	1 unresolved contradiction WARN(s), first at 2026-08-28T13:17:33Z: identity-contradiction: field=title now=kerndatensatzmodul-GenetischeTests (tier R, README.md first heading) v…	-	unresolved at verification time. It is a Gate-A decision, never a precedence puzzle to settle mechanically -- record it with a `decision:` line naming the field
L3-8766f8	log	L3	IDENTISCH	identity ledger	migration-log/identity-claims.tsv present, 22 claim(s)	-	-
L4-106e61	log	L4	NICHT PRUEFBAR	conversion count	no `gofsh-convert … actual=` line in the log	-	shape B only; for shape A there is nothing to convert
L4-f17740	log	L4	NICHT PRUEFBAR	page count	no harvested count in the log and/or no harvest manifest	-	harvest the guide (step 2c) where the narrative is not in the repo
L4-40cf60	log	L4	IDENTISCH	artifact count	artifacts.html lists 133 for 133 generated resources	-	-
