Source File	Size	loadResources	load	generateSnapshots	load-configure	scan	loadDepInfo	loadInfo	checkR4R4B	generateNarratives	validate	loadLists	checkConformanceResources	checkConformanceResources2	checkConformanceResources3	generateLogicalMaps	validateExpressions	scanForUsageStats	checkURLsUnique	processProvenanceDetails	translate	generate1	generate2	generateLogicals	makeDependencies	generateExampleZip	generateValidationPack	scanProfilesForR5	scanExamplesForR5
/fsh-generated/resources/ImplementationGuide-mii-ig-molgen-de-v2026.json	65663	-	0	1	0	0	0	0	24	176	0	0	0	0	0	0	0	1	0	0	29	280	920	0	0	0	12	0	6
fsh-generated/resources/Bundle-mii-exa-befund-bundle-1-braf.json	38235	17	53	0	0	0	0	0	4	4762	0	0	0	0	0	0	0	0	0	0	23	114	7079	0	0	0	0	0	1
fsh-generated/resources/Bundle-mii-exa-befund-bundle-befund-2-nipbl-clinical.json	42336	13	22	0	0	0	0	0	8	2357	0	0	0	0	0	0	0	1	0	0	12	125	4092	0	0	0	0	0	1
fsh-generated/resources/Bundle-mii-exa-befund-bundle-befund-fgfr2-fusion.json	18971	7	3	0	0	0	0	0	1	1695	0	0	0	0	0	0	0	0	0	0	11	62	103	0	0	0	0	0	0
fsh-generated/resources/Bundle-mii-exa-befund-bundle-befund-srcc.json	20606	7	2	0	1	0	0	0	2	4301	0	0	0	0	0	0	0	0	0	0	11	68	4945	0	0	0	0	0	0
fsh-generated/resources/Bundle-mii-exa-molgen-bundle-befund-2-nipbl.json	35561	10	5	0	0	0	0	0	3	1626	0	0	0	0	0	0	0	0	0	0	12	80	4026	0	0	0	0	0	1
fsh-generated/resources/Bundle-mii-exa-molgen-bundle-comprehensive-wes.json	29218	10	24	0	1	0	0	0	3	1746	0	0	0	0	0	0	0	0	0	0	11	89	189	0	0	0	0	0	0
fsh-generated/resources/Bundle-mii-exa-molgen-bundle-fam-his-breast-ovar-can.json	27430	9	8	0	0	0	0	0	2	3613	0	0	0	0	0	0	0	1	0	0	11	62	5931	0	0	0	0	0	1
fsh-generated/resources/CapabilityStatement-mii-cps-molgen-capabilitystatement.json	60880	12	0	0	0	0	1	0	5	41	0	0	0	0	0	0	0	0	0	0	14	162	92	0	1	0	7	0	1
fsh-generated/resources/ChargeItem-mii-exa-molgen-chargeitem-ebm-21.json	633	3	0	0	0	0	0	0	0	4	0	0	0	0	0	0	0	0	0	0	12	7	19	0	0	0	0	0	0
fsh-generated/resources/ChargeItem-mii-exa-molgen-chargeitem-ebm-22.json	613	2	0	0	0	0	0	0	0	2	0	0	0	0	0	0	0	0	0	0	11	7	14	0	0	0	0	0	0
fsh-generated/resources/ChargeItem-mii-exa-molgen-chargeitem-ebm-23.json	666	2	0	0	1	0	0	0	0	2	0	0	0	0	0	0	0	0	0	0	10	7	14	0	0	0	0	0	0
fsh-generated/resources/ChargeItem-mii-exa-molgen-chargeitem-ebm-24.json	555	2	0	0	0	0	0	0	0	2	0	0	0	0	0	0	0	0	0	0	8	7	12	0	0	0	0	0	0
fsh-generated/resources/Condition-mii-exa-molgen-bundle-befund-2-nipbl-condition-lab.json	1585	2	0	0	0	0	0	0	0	3	0	0	0	0	0	0	0	0	0	0	6	9	24	0	0	0	0	0	0
fsh-generated/resources/Condition-mii-exa-molgen-condition-nipbl-clinical.json	2188	2	0	0	0	0	0	0	0	4	0	0	0	0	0	0	0	0	0	0	6	10	26	0	0	0	0	0	0
fsh-generated/resources/Device-mii-exa-molgen-device-illumina-novaseq.json	643	2	0	0	0	0	0	0	0	3	0	0	0	0	0	0	0	0	0	0	6	6	7	0	0	0	0	0	0
fsh-generated/resources/Device-mii-exa-molgen-device-sequencer-2.json	237	1	0	0	0	0	0	0	0	2	0	0	0	0	0	0	0	0	0	0	7	5	7	0	0	0	0	0	0
fsh-generated/resources/Device-mii-exa-molgen-device-sequencer-nextseq.json	228	2	0	0	0	0	0	0	0	2	0	0	0	0	0	0	0	0	0	0	5	4	7	0	0	0	0	0	0
fsh-generated/resources/Device-mii-exa-molgen-device-sequencer.json	218	1	0	0	0	0	0	0	1	2	0	0	0	0	0	0	0	0	0	0	6	5	6	0	0	0	0	0	0
fsh-generated/resources/Device-mii-exa-molgen-device-thermofisher-ionchef.json	528	1	0	0	0	0	0	0	0	2	0	0	0	0	0	0	0	0	0	0	6	5	7	0	0	0	0	0	0
fsh-generated/resources/Device-mii-exa-molgen-device-tso500-lot.json	564	2	0	0	0	0	0	0	0	2	0	0	0	0	0	0	0	0	0	0	5	7	12	0	0	0	0	0	0
fsh-generated/resources/DeviceDefinition-mii-exa-molgen-devicedef-tso500.json	799	1	0	0	0	0	0	0	0	2	0	0	0	0	0	0	0	0	0	0	6	8	12	0	0	0	0	0	0
fsh-generated/resources/DiagnosticReport-mii-exa-molgen-befundbericht-1.json	2584	2	0	0	0	0	0	0	0	655	0	0	0	0	0	0	0	0	0	0	5	14	55	0	0	0	0	0	0
fsh-generated/resources/DiagnosticReport-mii-exa-molgen-befundbericht-2.json	7299	2	0	0	0	0	0	0	0	2	0	0	0	0	0	0	0	0	0	0	5	18	43	0	0	0	0	0	1
fsh-generated/resources/DiagnosticReport-mii-exa-molgen-befundbericht-comprehensive-wes.json	3161	2	0	0	0	0	0	0	1	3	0	0	0	0	0	0	0	0	0	0	5	15	34	0	0	0	0	0	0
fsh-generated/resources/DiagnosticReport-mii-exa-molgen-befundbericht-fgfr2-fusion.json	1694	2	0	0	0	0	0	0	0	2	0	0	0	0	0	0	0	0	0	0	5	11	31	0	0	0	0	0	0
fsh-generated/resources/DiagnosticReport-mii-exa-molgen-befundbericht-srcc.json	1697	2	0	0	0	0	0	0	0	3	0	0	0	0	0	0	0	0	0	0	5	10	32	0	0	0	0	0	0
fsh-generated/resources/DiagnosticReport-mii-exa-molgen-befundbericht-trurisk-panel.json	3472	2	0	0	0	0	0	0	0	2	0	0	0	0	0	0	0	0	0	0	4	12	36	0	0	0	0	0	0
fsh-generated/resources/DiagnosticReport-mii-exa-molgen-befundbericht-tumorboard-3.json	2462	2	0	0	0	0	0	0	0	643	0	0	0	0	0	0	0	0	0	0	4	14	48	0	0	0	0	0	0
fsh-generated/resources/DocumentReference-mii-exa-molgen-documentreference-bed-file.json	533	1	0	0	0	0	0	0	0	357	0	0	0	0	0	0	0	0	0	0	4	6	11	0	0	0	0	0	0
fsh-generated/resources/DocumentReference-mii-exa-molgen-documentreference-fastq.json	698	1	0	0	0	0	0	0	1	345	0	0	0	0	0	0	0	0	0	0	3	8	11	0	0	0	0	0	0
fsh-generated/resources/FamilyMemberHistory-mii-exa-molgen-family-member-history-1.json	1560	2	0	0	0	0	0	0	0	3	0	0	0	0	0	0	0	0	0	0	3	9	12	0	0	0	0	0	0
fsh-generated/resources/FamilyMemberHistory-mii-exa-molgen-family-member-history-2.json	2107	2	0	0	0	0	0	0	0	2	0	0	0	0	0	0	0	0	0	0	3	9	50	0	0	0	0	0	0
fsh-generated/resources/FamilyMemberHistory-mii-exa-molgen-family-member-history-diabetes.json	2814	1	0	0	0	0	0	0	0	1264	0	0	0	0	0	0	0	0	0	0	3	13	31	0	0	0	0	0	0
fsh-generated/resources/FamilyMemberHistory-mii-exa-molgen-family-member-history-mi.json	3448	2	0	0	0	0	0	0	1	1269	0	0	0	0	0	0	0	0	0	0	4	12	15	0	0	0	0	0	0
fsh-generated/resources/FamilyMemberHistory-mii-exa-molgen-family-member-history-retinal.json	2606	2	0	0	1	0	0	0	0	1281	0	0	0	0	0	0	0	0	0	0	4	11	18	0	0	0	0	0	0
fsh-generated/resources/FamilyMemberHistory-mii-exa-molgen-family-member-history-srcc.json	1500	2	0	0	0	0	0	0	0	2	0	0	0	0	0	0	0	0	0	0	4	9	18	0	0	0	0	0	0
fsh-generated/resources/Media-mii-exa-molgen-media-coverage-plot.json	592	1	0	0	0	0	0	0	0	358	0	0	0	0	0	0	0	0	0	0	4	7	14	0	0	0	0	0	0
fsh-generated/resources/Observation-mii-exa-molgen-diagnostische-implikation-1.json	1615	2	0	0	0	0	0	0	0	3	0	0	0	0	0	0	0	0	0	0	5	9	21	0	0	0	0	0	0
fsh-generated/resources/Observation-mii-exa-molgen-diagnostische-implikation-2.json	3293	2	0	0	0	0	0	0	1	3	0	0	0	0	0	0	0	0	0	0	5	14	24	0	0	0	0	0	0
fsh-generated/resources/Observation-mii-exa-molgen-diagnostische-implikation-brca1.json	3084	2	0	0	0	0	0	0	0	676	0	0	0	0	0	0	0	0	0	0	4	13	22	0	0	0	0	0	0
fsh-generated/resources/Observation-mii-exa-molgen-diagnostische-implikation-cnv-4.json	2047	2	0	0	0	0	0	0	0	2	0	0	0	0	0	0	0	0	0	0	4	13	20	0	0	0	0	0	0
fsh-generated/resources/Observation-mii-exa-molgen-diagnostische-implikation-comprehensive.json	2390	1	0	0	0	0	0	0	0	353	0	0	0	0	0	0	0	0	0	0	4	12	17	0	0	0	0	0	0
fsh-generated/resources/Observation-mii-exa-molgen-diagnostische-implikation-fgfr2-fusion.json	1634	2	0	0	0	0	0	0	1	3	0	0	0	0	0	0	0	0	0	0	4	10	20	0	0	0	0	0	0
fsh-generated/resources/Observation-mii-exa-molgen-diagnostische-implikation-srcc-ctnna1.json	2778	2	0	0	0	0	0	0	0	2	0	0	0	0	0	0	0	0	0	0	4	14	19	0	0	0	0	0	0
fsh-generated/resources/Observation-mii-exa-molgen-genotyp-1.json	2305	2	0	0	0	0	0	0	0	643	0	0	0	0	0	0	0	0	0	0	4	11	26	0	0	0	0	0	0
fsh-generated/resources/Observation-mii-exa-molgen-genotyp-2.json	2348	1	0	0	0	0	0	0	0	648	0	0	0	0	0	0	0	0	0	0	4	11	24	0	0	0	0	0	1
fsh-generated/resources/Observation-mii-exa-molgen-genotyp-brca1.json	2353	2	0	0	0	0	0	0	1	669	0	0	0	0	0	0	0	0	0	0	4	12	25	0	0	0	0	0	0
fsh-generated/resources/Observation-mii-exa-molgen-mikrosatelliteninstabilitaet-1.json	1412	2	0	0	0	0	0	0	0	3	0	0	0	0	0	0	0	0	0	0	4	9	21	0	0	0	0	0	0
fsh-generated/resources/Observation-mii-exa-molgen-molekulare-konsequenz-1.json	1735	2	0	0	0	0	0	0	0	5	0	0	0	0	0	0	0	0	0	0	4	11	24	0	0	0	0	0	0
fsh-generated/resources/Observation-mii-exa-molgen-molekulare-konsequenz-2.json	2502	2	0	0	0	0	0	0	0	4	0	0	0	0	0	0	0	0	0	0	3	14	24	0	0	0	0	0	0
fsh-generated/resources/Observation-mii-exa-molgen-molekulare-konsequenz-brca1.json	3462	2	0	0	0	0	0	0	0	5	0	0	0	0	0	0	0	0	0	0	4	16	24	0	0	0	0	0	0
fsh-generated/resources/Observation-mii-exa-molgen-molekulare-konsequenz-cnv-4.json	3183	2	0	0	0	0	0	0	1	4	0	0	0	0	0	0	0	0	0	0	4	14	25	0	0	0	0	0	0
fsh-generated/resources/Observation-mii-exa-molgen-mutationslast-1.json	1429	1	0	0	0	0	0	0	0	621	0	0	0	0	0	0	0	0	0	0	4	10	18	0	0	0	0	0	0
fsh-generated/resources/Observation-mii-exa-molgen-phenotypic-feature-1.json	864	2	0	0	0	0	0	0	0	2	0	0	0	0	0	0	0	0	0	0	4	6	18	0	0	0	0	0	0
fsh-generated/resources/Observation-mii-exa-molgen-phenotypic-feature-2.json	875	1	0	0	0	0	0	0	0	1	0	0	0	0	0	0	0	0	0	0	4	6	18	0	0	0	0	0	0
fsh-generated/resources/Observation-mii-exa-molgen-phenotypic-feature-3.json	862	2	0	0	0	0	0	0	0	2	0	0	0	0	0	0	0	0	0	0	4	6	18	0	0	0	0	0	0
fsh-generated/resources/Observation-mii-exa-molgen-phenotypic-feature-4.json	868	1	0	0	0	0	0	0	0	2	0	0	0	0	0	0	0	0	0	0	5	6	14	0	0	0	0	0	0
fsh-generated/resources/Observation-mii-exa-molgen-therapeutische-implikation-1.json	3311	2	0	0	0	0	0	0	1	2	0	0	0	0	0	0	0	0	0	0	4	14	24	0	0	0	0	0	0
fsh-generated/resources/Observation-mii-exa-molgen-therapeutische-implikation-fgfr2-fusion.json	3311	2	0	0	0	0	0	0	0	3	0	0	0	0	0	0	0	0	0	0	5	14	22	0	0	0	0	0	0
fsh-generated/resources/Observation-mii-exa-molgen-variante-1.json	5315	3	0	0	0	0	0	0	1	3907	0	0	0	0	0	0	0	0	0	0	4	19	27	0	0	0	0	0	0
fsh-generated/resources/Observation-mii-exa-molgen-variante-2.json	5357	2	0	0	0	0	0	0	0	3532	0	0	0	0	0	0	0	0	0	0	4	20	28	0	0	0	0	0	0
fsh-generated/resources/Observation-mii-exa-molgen-variante-brca1.json	5212	3	0	0	1	0	0	0	1	7200	0	0	0	0	0	0	0	0	0	0	5	20	28	0	0	0	0	0	0
fsh-generated/resources/Observation-mii-exa-molgen-variante-cnv-4.json	4093	2	0	0	0	0	0	0	1	4574	0	0	0	0	0	0	0	0	0	0	4	18	18	0	0	0	0	0	0
fsh-generated/resources/Observation-mii-exa-molgen-variante-comprehensive-pathogenic.json	3223	3	0	0	0	0	0	0	0	1911	0	0	0	0	0	0	0	0	0	0	5	12	16	0	0	1	0	0	0
fsh-generated/resources/Observation-mii-exa-molgen-variante-fgfr2-fusion.json	2808	2	0	0	0	0	0	0	0	681	0	0	0	0	0	0	0	0	0	0	4	11	17	0	0	0	0	0	0
fsh-generated/resources/Observation-mii-exa-molgen-variante-srcc-ctnna1.json	4845	2	0	0	0	0	0	0	1	4792	0	0	0	0	0	0	0	0	0	0	5	18	26	0	0	0	0	0	0
fsh-generated/resources/Patient-mii-exa-molgen-patient-2.json	1767	3	0	0	0	0	0	0	0	3	0	0	0	0	0	0	0	0	0	0	4	8	8	0	0	0	0	0	1
fsh-generated/resources/Patient-mii-exa-molgen-patient-brca1.json	1759	2	0	0	0	0	0	0	0	1	0	0	0	0	0	0	0	0	0	0	4	8	9	0	0	0	0	0	0
fsh-generated/resources/Patient-mii-exa-molgen-patient-fgfr2-fusion.json	595	1	0	0	0	0	0	0	0	1	0	0	0	0	0	0	0	0	0	0	4	6	7	0	0	0	0	0	0
fsh-generated/resources/Patient-mii-exa-molgen-patient-srcc.json	583	2	0	0	0	0	0	0	0	1	0	0	0	0	0	0	0	0	0	0	4	5	8	0	0	0	0	0	0
fsh-generated/resources/Patient-mii-exa-molgen-patient.json	2447	1	0	0	0	0	0	0	1	1	0	0	0	0	0	0	0	0	0	0	4	9	10	0	0	0	0	0	0
fsh-generated/resources/PlanDefinition-mii-exa-molgen-protocol-agilent-sureselect.json	1095	2	0	0	0	0	0	0	0	14	0	0	0	0	0	0	0	0	0	0	4	18	19	0	0	0	0	0	0
fsh-generated/resources/Practitioner-mii-exa-molgen-practitioner-lab.json	298	1	0	0	0	0	0	0	0	2	0	0	0	0	0	0	0	0	0	0	4	4	7	0	0	0	0	0	0
fsh-generated/resources/Practitioner-mii-exa-molgen-practitioner-ordering.json	370	1	0	0	0	0	0	0	0	1	0	0	0	0	0	0	0	0	0	0	4	5	7	0	0	0	0	0	0
fsh-generated/resources/Practitioner-mii-exa-molgen-practitioner-physician.json	300	1	0	0	0	0	0	0	0	1	0	0	0	0	0	0	0	0	0	0	4	3	7	0	0	0	0	0	0
fsh-generated/resources/Procedure-mii-exa-molgen-genomic-study-1.json	879	2	0	0	0	0	0	0	0	4	0	0	0	0	0	0	0	0	0	0	4	9	18	0	0	0	0	0	0
fsh-generated/resources/Procedure-mii-exa-molgen-genomic-study-analysis-braf.json	2087	2	0	0	0	0	0	0	0	5	0	0	0	0	0	0	0	0	0	0	5	10	37	0	0	0	0	0	0
fsh-generated/resources/Procedure-mii-exa-molgen-genomic-study-analysis-cornelia-de-lange.json	3677	2	0	0	0	0	0	0	1	4	0	0	0	0	0	0	0	0	0	0	6	14	23	0	0	0	0	0	0
fsh-generated/resources/Procedure-mii-exa-molgen-genomic-study-analysis-trurisk-panel.json	6680	2	0	0	0	0	0	0	0	5	0	0	0	0	0	0	0	1	0	0	6	19	23	0	0	0	0	0	0
fsh-generated/resources/Procedure-mii-exa-molgen-genomic-study-analysis-tso500-libprep.json	6266	3	0	0	0	0	0	0	1	5	0	0	0	0	0	0	0	0	0	0	5	19	23	0	0	0	0	0	0
fsh-generated/resources/Procedure-mii-exa-molgen-genomic-study-analysis-tso500-sequencing.json	2363	1	0	0	0	0	0	0	0	1244	0	0	0	0	0	0	0	0	0	0	6	12	20	0	0	0	0	0	0
fsh-generated/resources/Procedure-mii-exa-molgen-genomic-study-analysis-wes-bioinformatics.json	1585	2	0	0	0	0	0	0	0	3	0	0	0	0	0	0	0	0	0	0	6	9	13	0	0	0	0	0	0
fsh-generated/resources/Procedure-mii-exa-molgen-genomic-study-analysis-wes-library-prep.json	1571	1	0	0	0	0	0	0	1	2	0	0	0	0	0	0	0	0	0	0	5	10	22	0	0	0	0	0	0
fsh-generated/resources/Procedure-mii-exa-molgen-genomic-study-analysis-wes-sequencing.json	2734	2	0	0	0	0	0	0	0	1312	0	0	0	0	0	0	0	0	0	0	6	14	21	0	0	0	0	0	0
fsh-generated/resources/Procedure-mii-exa-molgen-genomic-study-comprehensive-wes.json	1387	1	0	0	0	0	0	0	0	4	0	0	0	0	0	0	0	0	0	0	5	11	24	0	0	0	0	0	0
fsh-generated/resources/Procedure-mii-exa-molgen-genomic-study-cornelia-de-lange.json	910	2	0	0	0	0	0	0	0	4	0	0	0	0	0	0	0	0	0	0	5	10	19	0	0	0	0	0	0
fsh-generated/resources/Procedure-mii-exa-molgen-genomic-study-trurisk-panel.json	906	1	0	0	0	0	0	0	0	4	0	0	0	0	0	0	0	0	0	0	5	9	17	0	0	0	0	0	0
fsh-generated/resources/Procedure-mii-exa-molgen-genomic-study-tso500.json	1135	1	0	0	0	0	0	0	0	4	0	0	0	0	0	0	0	0	0	0	5	9	20	0	0	0	0	0	1
fsh-generated/resources/RiskAssessment-mii-exa-molgen-prs-brca1.json	1578	2	0	0	0	0	0	0	0	3	0	0	0	0	0	0	0	0	0	0	5	8	16	0	0	0	0	0	0
fsh-generated/resources/SearchParameter-mii-sp-molgen-diagnostic-report-genomic-study.json	1147	1	0	0	0	0	0	0	1	6	0	0	0	0	0	0	0	0	0	0	6	10	12	0	0	0	1	0	0
fsh-generated/resources/SearchParameter-mii-sp-molgen-diagnostic-report-recommended-action.json	1134	1	0	0	0	0	0	0	0	2	0	0	0	0	0	0	0	0	0	0	5	10	12	0	0	0	0	0	0
fsh-generated/resources/SearchParameter-mii-sp-molgen-genomic-study-analysis-device.json	1082	1	0	0	0	0	0	0	0	2	0	0	0	0	0	0	0	0	0	0	6	9	11	0	0	0	0	0	0
fsh-generated/resources/SearchParameter-mii-sp-molgen-genomic-study-analysis-method.json	1095	2	0	0	0	0	0	0	0	2	0	0	0	0	0	0	0	0	0	0	5	9	11	0	0	0	0	0	0
fsh-generated/resources/SearchParameter-mii-sp-molgen-genomic-study-analysis-regions-studied.json	1195	1	0	0	0	0	0	0	0	2	0	0	0	0	0	0	0	0	0	0	6	10	13	0	0	0	1	0	0
fsh-generated/resources/SearchParameter-mii-sp-molgen-genomic-study-analysis-specimen.json	1068	1	0	0	1	0	0	0	0	2	0	0	0	0	0	0	0	0	0	0	6	9	10	0	0	0	0	0	0
fsh-generated/resources/ServiceRequest-mii-exa-molgen-anforderung-1.json	1675	2	0	0	0	0	0	0	0	3	0	0	0	0	0	0	0	0	0	0	5	10	30	0	0	0	0	0	0
fsh-generated/resources/ServiceRequest-mii-exa-molgen-anforderung-2.json	3346	2	0	0	0	0	0	0	1	2	0	0	0	0	0	0	0	0	0	0	5	13	33	0	0	0	0	0	0
fsh-generated/resources/ServiceRequest-mii-exa-molgen-anforderung-fgfr2-fusion.json	1569	1	0	0	0	0	0	0	0	1	0	0	0	0	0	0	0	0	0	0	6	9	16	0	0	0	0	0	0
fsh-generated/resources/ServiceRequest-mii-exa-molgen-anforderung-srcc.json	1976	2	0	0	0	0	0	0	0	3	0	0	0	0	0	0	0	0	0	0	5	10	19	0	0	0	0	0	0
fsh-generated/resources/ServiceRequest-mii-exa-molgen-anforderung-trurisk-panel.json	2135	2	0	0	0	0	0	0	0	2	0	0	0	0	0	0	0	0	0	0	5	11	21	0	0	0	0	0	0
fsh-generated/resources/ServiceRequest-mii-exa-molgen-anforderung-wes.json	1079	1	0	0	0	0	0	0	0	2	0	0	0	0	0	0	0	0	0	0	4	9	16	0	0	0	0	0	0
fsh-generated/resources/Specimen-mii-exa-molgen-specimen-1.json	905	1	0	0	0	0	0	0	1	3	0	0	0	0	0	0	0	0	0	0	4	7	14	0	0	0	0	0	0
fsh-generated/resources/Specimen-mii-exa-molgen-specimen-2.json	725	2	0	0	0	0	0	0	0	2	0	0	0	0	0	0	0	0	0	0	4	7	15	0	0	0	0	0	0
fsh-generated/resources/Specimen-mii-exa-molgen-specimen-blood-edta.json	1115	1	0	0	0	0	0	0	0	1302	0	0	0	0	0	0	0	0	0	0	3	9	14	0	0	0	0	0	0
fsh-generated/resources/Specimen-mii-exa-molgen-specimen-brca1.json	729	1	0	0	0	0	0	0	0	1	0	0	0	0	0	0	0	0	0	0	3	7	12	0	0	0	0	0	0
fsh-generated/resources/Specimen-mii-exa-molgen-specimen-dna-library.json	761	2	0	0	0	0	0	0	0	2	0	0	0	0	0	0	0	0	0	0	3	6	14	0	0	0	0	0	0
fsh-generated/resources/Specimen-mii-exa-molgen-specimen-ffpe-tumor.json	950	1	0	0	0	0	0	0	0	2	0	0	0	0	0	0	0	0	0	0	3	8	11	0	0	0	0	0	0
fsh-generated/resources/Specimen-mii-exa-molgen-specimen-srcc-2.json	730	1	0	0	0	0	0	0	0	1	0	0	0	0	0	0	0	0	0	0	4	7	10	0	0	0	0	0	0
fsh-generated/resources/Specimen-mii-exa-molgen-specimen-srcc.json	728	2	0	0	0	0	0	0	0	2	0	0	0	0	0	0	0	0	0	0	3	7	12	0	0	0	0	0	0
fsh-generated/resources/StructureDefinition-LogicalModelMolGen.json	43723	8	0	197	0	0	0	0	0	842	0	0	0	0	0	0	0	1	0	0	10	562	1834	0	1	0	18	0	2
fsh-generated/resources/StructureDefinition-mii-ex-molgen-empfohlene-massnahme.json	2025	1	0	20	0	0	0	0	1	12	0	0	1	0	0	0	0	0	0	0	0	42	427	0	0	0	2	0	0
fsh-generated/resources/StructureDefinition-mii-ex-molgen-familiare-linie.json	2012	2	0	17	0	0	0	0	0	11	0	0	0	0	0	0	0	0	0	0	0	49	328	0	0	0	2	0	0
fsh-generated/resources/StructureDefinition-mii-ex-molgen-risk-assessment-einflussfaktor.json	1973	1	0	13	0	0	0	0	0	8	0	0	0	0	0	0	0	0	0	0	1	48	289	0	0	0	1	0	1
fsh-generated/resources/StructureDefinition-mii-ex-molgen-verwandtschaftsgrad.json	2054	2	0	13	0	0	0	0	0	9	0	0	0	0	0	0	0	0	0	0	0	50	282	0	0	0	2	0	0
fsh-generated/resources/StructureDefinition-mii-ex-molgen-verwandtschaftsverhaeltnis.json	2119	1	0	14	0	0	0	0	0	8	0	0	1	0	0	0	0	0	0	0	1	52	275	0	0	0	1	0	0
fsh-generated/resources/StructureDefinition-mii-pr-molgen-anforderung-genetischer-test.json	17345	4	0	78	0	0	0	0	0	43	0	0	0	0	0	0	0	1	0	0	1	207	806	0	0	0	8	0	2
fsh-generated/resources/StructureDefinition-mii-pr-molgen-diagnostische-implikation.json	19082	4	0	241	0	0	0	0	0	61	0	0	1	0	0	0	0	1	0	0	1	438	2289	0	0	0	16	1	4
fsh-generated/resources/StructureDefinition-mii-pr-molgen-empfohlene-folgemassnahme.json	9851	3	0	106	0	0	0	0	0	26	0	0	0	0	0	0	0	1	0	0	0	177	763	0	0	0	7	0	1
fsh-generated/resources/StructureDefinition-mii-pr-molgen-familienanamnese.json	54537	11	0	271	0	0	0	0	0	117	0	0	1	0	0	0	0	1	0	0	2	626	1814	0	0	0	21	0	6
fsh-generated/resources/StructureDefinition-mii-pr-molgen-genomic-study-analysis.json	13705	3	0	154	0	0	0	0	0	30	0	0	0	0	0	0	0	1	0	0	1	229	644	0	0	0	9	0	2
fsh-generated/resources/StructureDefinition-mii-pr-molgen-genomic-study.json	10333	2	0	128	0	0	0	0	0	24	0	0	0	0	0	0	0	0	0	0	1	180	434	0	0	0	9	0	2
fsh-generated/resources/StructureDefinition-mii-pr-molgen-genotyp.json	18274	4	0	147	0	0	0	0	0	43	0	0	1	0	0	0	0	1	0	0	1	374	1870	0	0	0	14	1	3
fsh-generated/resources/StructureDefinition-mii-pr-molgen-medikationsempfehlung.json	9859	3	0	69	0	0	0	0	0	22	0	0	0	0	0	0	0	1	0	0	1	178	713	0	0	0	7	0	2
fsh-generated/resources/StructureDefinition-mii-pr-molgen-mikrosatelliteninstabilitaet.json	5029	2	0	124	0	0	0	0	0	30	0	0	0	0	0	0	0	1	0	0	1	262	1731	0	0	0	12	0	3
fsh-generated/resources/StructureDefinition-mii-pr-molgen-molekulare-konsequenz.json	17211	4	0	217	1	0	0	0	0	52	0	0	1	0	0	0	0	1	0	0	1	477	1178	0	0	0	18	0	4
fsh-generated/resources/StructureDefinition-mii-pr-molgen-molekularer-biomarker.json	13387	3	0	77	0	0	0	0	0	35	0	0	0	0	0	0	0	1	0	0	1	299	694	0	0	0	11	0	3
fsh-generated/resources/StructureDefinition-mii-pr-molgen-molekulargenetischer-befundbericht.json	33975	6	0	74	0	0	0	0	1	41	0	0	1	0	0	0	0	1	0	0	2	329	773	0	0	0	15	0	3
fsh-generated/resources/StructureDefinition-mii-pr-molgen-mutationslast.json	5875	3	0	95	0	0	0	0	0	31	0	0	0	0	0	0	0	1	0	0	0	316	778	0	0	0	13	0	3
fsh-generated/resources/StructureDefinition-mii-pr-molgen-polygener-risiko-score.json	19273	3	0	48	0	0	0	0	0	29	0	0	0	0	0	0	0	0	0	0	1	197	481	0	0	0	8	1	2
fsh-generated/resources/StructureDefinition-mii-pr-molgen-therapeutische-implikation.json	21459	5	0	170	0	0	0	0	0	48	0	0	1	0	0	0	0	2	0	0	2	458	1027	0	0	0	18	0	4
fsh-generated/resources/StructureDefinition-mii-pr-molgen-variante.json	50057	10	0	458	0	0	0	0	0	180	0	0	1	0	0	0	0	3	0	0	2	1249	5246	0	0	0	40	0	11
fsh-generated/resources/Task-mii-exa-molgen-folgemassnahme-1.json	918	2	0	0	0	0	0	0	0	3	0	0	0	0	0	0	0	0	0	0	10	8	19	0	0	0	0	0	0
fsh-generated/resources/Task-mii-exa-molgen-folgemassnahme-brca1.json	889	1	0	0	0	0	0	0	0	1	0	0	0	0	0	0	0	0	0	0	9	7	14	0	0	0	0	0	0
fsh-generated/resources/Task-mii-exa-molgen-medikationsempfehlung-1.json	906	1	0	0	0	0	0	0	0	2	0	0	0	0	0	0	0	0	0	0	6	7	17	0	0	0	0	0	0
fsh-generated/resources/Task-mii-exa-molgen-medikationsempfehlung-fgfr2-fusion.json	947	1	0	0	0	0	0	0	0	4	0	0	0	0	0	0	0	0	0	0	5	8	17	0	0	0	0	0	0
fsh-generated/resources/ValueSet-mii-vs-molgen-familiaere-linie.json	995	1	0	0	0	0	0	0	1	970	0	0	0	0	0	0	0	0	0	0	4	7	593	0	0	0	1	0	1
fsh-generated/resources/ValueSet-mii-vs-molgen-family-member-snomed.json	929	1	0	0	0	0	0	0	0	322	0	0	0	0	0	0	0	0	0	0	5	7	589	0	0	0	0	0	0
fsh-generated/resources/ValueSet-mii-vs-molgen-verwandtschaftsgrad.json	1061	1	0	0	0	0	0	0	0	431	0	0	0	0	0	0	0	0	0	0	4	8	522	0	0	0	0	0	0
fsh-generated/resources/ValueSet-mii-vs-molgen-verwandtschaftsverhaeltnis.json	1698	1	0	0	0	0	0	0	0	440	0	0	0	0	0	0	0	0	0	0	4	10	522	0	0	0	1	0	0
input/resources/Parameters-expansion-manifest.json	511	1	0	0	0	0	0	0	4	1	0	0	0	0	0	0	0	1	0	0	5	53	428	0	0	0	0	0	1
/input/includes/menu.xml	5666	-	-	-	0	0	0	0	0	0	0	0	0	0	0	0	0	0	0	0	0	0	1	0	0	0	0	0	0
/fsh-generated/includes/fsh-link-references.md	13604	-	-	-	0	0	0	0	0	0	0	0	0	0	0	0	0	0	0	0	0	0	2	0	0	0	0	0	0
/input/intro-notes/StructureDefinition-mii-pr-molgen-therapeutische-implikation-intro.md	2738	-	-	-	0	0	0	0	0	0	0	0	0	0	0	0	0	0	0	0	0	0	1	0	0	0	0	0	0
/input/intro-notes/StructureDefinition-mii-pr-molgen-molekulargenetischer-befundbericht-intro.md	4360	-	-	-	0	0	0	0	0	0	0	0	0	0	0	0	0	0	0	0	0	0	0	0	0	0	0	0	0
/input/intro-notes/StructureDefinition-mii-pr-molgen-genomic-study-intro.md	2830	-	-	-	0	0	0	0	0	0	0	0	0	0	0	0	0	0	0	0	0	0	1	0	0	0	0	0	0
/input/intro-notes/StructureDefinition-mii-pr-molgen-variante-intro.md	7004	-	-	-	0	0	0	0	0	0	0	0	0	0	0	0	0	0	0	0	0	0	1	0	0	0	0	0	0
/input/intro-notes/StructureDefinition-mii-pr-molgen-familienanamnese-intro.md	2311	-	-	-	0	0	0	0	0	0	0	0	0	0	0	0	0	0	0	0	0	0	0	0	0	0	0	0	0
/input/intro-notes/StructureDefinition-mii-pr-molgen-medikationsempfehlung-intro.md	2081	-	-	-	0	0	0	0	0	0	0	0	0	0	0	0	0	0	0	0	0	0	1	0	0	0	0	0	0
/input/intro-notes/StructureDefinition-mii-pr-molgen-mutationslast-intro.md	2233	-	-	-	0	0	0	0	0	0	0	0	0	0	0	0	0	0	0	0	0	0	0	0	0	0	0	0	0
/input/intro-notes/StructureDefinition-mii-pr-molgen-anforderung-genetischer-test-intro.md	3650	-	-	-	0	0	0	0	0	0	0	0	0	0	0	0	0	0	0	0	0	0	1	0	0	0	0	0	0
/input/intro-notes/StructureDefinition-mii-pr-molgen-polygener-risiko-score-intro.md	2033	-	-	-	0	0	0	0	0	0	0	0	0	0	0	0	0	0	0	0	0	0	0	0	0	0	0	0	0
/input/intro-notes/StructureDefinition-mii-pr-molgen-diagnostische-implikation-intro.md	3465	-	-	-	0	0	0	0	0	0	0	0	0	0	0	0	0	0	0	0	0	0	1	0	0	0	0	0	0
/input/intro-notes/StructureDefinition-mii-pr-molgen-genotyp-intro.md	2856	-	-	-	0	0	0	0	0	0	0	0	0	0	0	0	0	0	0	0	0	0	0	0	0	0	0	0	0
/input/intro-notes/StructureDefinition-mii-pr-molgen-empfohlene-folgemassnahme-intro.md	2157	-	-	-	0	0	0	0	0	0	0	0	0	0	0	0	0	0	0	0	0	0	0	0	0	0	0	0	0
/input/intro-notes/StructureDefinition-mii-pr-molgen-genomic-study-analysis-intro.md	2523	-	-	-	0	0	0	0	0	0	0	0	0	0	0	0	0	0	0	0	0	0	1	0	0	0	0	0	0
/input/intro-notes/StructureDefinition-mii-pr-molgen-mikrosatelliteninstabilitaet-intro.md	2013	-	-	-	0	0	0	0	0	0	0	0	0	0	0	0	0	0	0	0	0	0	0	0	0	0	0	0	0
/input/intro-notes/StructureDefinition-mii-pr-molgen-molekulare-konsequenz-intro.md	3140	-	-	-	0	0	0	0	0	0	0	0	0	0	0	0	0	0	0	0	0	0	1	0	0	0	0	0	0
/input/pagecontent/logical-models.md	2575	-	-	-	0	0	0	0	0	0	0	0	0	0	0	0	0	0	0	0	0	0	0	0	0	0	0	0	0
/input/pagecontent/examples.md	451	-	-	-	0	0	0	0	0	0	0	0	0	0	0	0	0	0	0	0	0	0	1	0	0	0	0	0	0
/input/pagecontent/changes.md	24907	-	-	-	0	0	0	0	0	0	0	0	0	0	0	0	0	0	0	0	0	0	5	0	0	0	0	0	0
/input/pagecontent/guidance.md	17255	-	-	-	0	0	0	0	0	0	0	0	0	0	0	0	0	0	0	0	0	0	1	0	0	0	0	0	0
/input/pagecontent/profiles.md	17292	-	-	-	0	0	0	0	0	0	0	0	0	0	0	0	0	0	0	0	0	0	1	0	0	0	0	0	0
/input/pagecontent/search-parameters.md	8939	-	-	-	0	0	0	0	0	0	0	0	0	0	0	0	0	0	0	0	0	0	1	0	0	0	0	0	0
/input/pagecontent/index.md	7049	-	-	-	0	0	0	0	0	0	0	0	0	0	0	0	0	0	0	0	0	0	0	0	0	0	0	0	0
/input/pagecontent/value-sets.md	12328	-	-	-	0	0	0	0	0	0	0	0	0	0	0	0	0	0	0	0	0	0	1	0	0	0	0	0	0
/input/pagecontent/translationinfo.md	874	-	-	-	0	0	0	0	0	0	0	0	0	0	0	0	0	0	0	0	0	0	0	0	0	0	0	0	0
/input/pagecontent/extensions.md	5243	-	-	-	0	0	0	0	0	0	0	0	0	0	0	0	0	0	0	0	0	0	1	0	0	0	0	0	0
/input/pagecontent/downloads.md	2538	-	-	-	0	0	0	0	0	0	0	0	0	0	0	0	0	0	0	0	0	0	0	0	0	0	0	0	0
/input/pagecontent/security-and-privacy.md	4055	-	-	-	0	0	0	0	0	0	0	0	0	0	0	0	0	0	0	0	0	0	0	0	0	0	0	0	0
/input/pagecontent/metadata.md	19947	-	-	-	0	0	0	0	0	0	0	0	0	0	0	0	0	0	0	0	0	0	1	0	0	0	0	0	0
/input/pagecontent/ImplementationGuide-mii-ig-molgen-de-v2026.md	3518	-	-	-	0	0	0	0	0	0	0	0	0	0	0	0	0	0	0	0	0	0	1	0	0	0	0	0	0
/input/pagecontent/implementer-guidance.md	9289	-	-	-	0	0	0	0	0	0	0	0	0	0	0	0	0	0	0	0	0	0	1	0	0	0	0	0	0
/input/pagecontent/version-history.md	4274	-	-	-	0	0	0	0	0	0	0	0	0	0	0	0	0	0	0	0	0	0	0	0	0	0	0	0	0
/input/pagecontent/uml-diagrams.md	1426	-	-	-	0	0	0	0	0	0	0	0	0	0	0	0	0	0	0	0	0	0	0	0	0	0	0	0	0
/input/pagecontent/capability-statements.md	5810	-	-	-	0	0	0	0	0	0	0	0	0	0	0	0	0	0	0	0	0	0	1	0	0	0	0	0	0
/input/intro-notes	0	-	-	-	0	0	0	0	0	0	0	0	0	0	0	0	0	0	0	0	0	0	0	0	0	0	0	0	0
/input/intro-notes/StructureDefinition-mii-pr-molgen-therapeutische-implikation-intro.md	2738	-	-	-	0	0	0	0	0	0	0	0	0	0	0	0	0	0	0	0	0	0	0	0	0	0	0	0	0
/input/intro-notes/StructureDefinition-mii-pr-molgen-molekulargenetischer-befundbericht-intro.md	4360	-	-	-	0	0	0	0	0	0	0	0	0	0	0	0	0	0	0	0	0	0	1	0	0	0	0	0	0
/input/intro-notes/StructureDefinition-mii-pr-molgen-genomic-study-intro.md	2830	-	-	-	0	0	0	0	0	0	0	0	0	0	0	0	0	0	0	0	0	0	0	0	0	0	0	0	0
/input/intro-notes/StructureDefinition-mii-pr-molgen-variante-intro.md	7004	-	-	-	0	0	0	0	0	0	0	0	0	0	0	0	0	0	0	0	0	0	1	0	0	0	0	0	0
/input/intro-notes/StructureDefinition-mii-pr-molgen-familienanamnese-intro.md	2311	-	-	-	0	0	0	0	0	0	0	0	0	0	0	0	0	0	0	0	0	0	1	0	0	0	0	0	0
/input/intro-notes/StructureDefinition-mii-pr-molgen-medikationsempfehlung-intro.md	2081	-	-	-	0	0	0	0	0	0	0	0	0	0	0	0	0	0	0	0	0	0	0	0	0	0	0	0	0
/input/intro-notes/StructureDefinition-mii-pr-molgen-mutationslast-intro.md	2233	-	-	-	0	0	0	0	0	0	0	0	0	0	0	0	0	0	0	0	0	0	1	0	0	0	0	0	0
/input/intro-notes/StructureDefinition-mii-pr-molgen-anforderung-genetischer-test-intro.md	3650	-	-	-	0	0	0	0	0	0	0	0	0	0	0	0	0	0	0	0	0	0	0	0	0	0	0	0	0
/input/intro-notes/StructureDefinition-mii-pr-molgen-polygener-risiko-score-intro.md	2033	-	-	-	0	0	0	0	0	0	0	0	0	0	0	0	0	0	0	0	0	0	0	0	0	0	0	0	0
/input/intro-notes/StructureDefinition-mii-pr-molgen-diagnostische-implikation-intro.md	3465	-	-	-	0	0	0	0	0	0	0	0	0	0	0	0	0	0	0	0	0	0	0	0	0	0	0	0	0
/input/intro-notes/StructureDefinition-mii-pr-molgen-genotyp-intro.md	2856	-	-	-	0	0	0	0	0	0	0	0	0	0	0	0	0	0	0	0	0	0	1	0	0	0	0	0	0
/input/intro-notes/StructureDefinition-mii-pr-molgen-empfohlene-folgemassnahme-intro.md	2157	-	-	-	0	0	0	0	0	0	0	0	0	0	0	0	0	0	0	0	0	0	0	0	0	0	0	0	0
/input/intro-notes/StructureDefinition-mii-pr-molgen-genomic-study-analysis-intro.md	2523	-	-	-	0	0	0	0	0	0	0	0	0	0	0	0	0	0	0	0	0	0	0	0	0	0	0	0	0
/input/intro-notes/StructureDefinition-mii-pr-molgen-mikrosatelliteninstabilitaet-intro.md	2013	-	-	-	0	0	0	0	0	0	0	0	0	0	0	0	0	0	0	0	0	0	1	0	0	0	0	0	0
/input/intro-notes/StructureDefinition-mii-pr-molgen-molekulare-konsequenz-intro.md	3140	-	-	-	0	0	0	0	0	0	0	0	0	0	0	0	0	0	0	0	0	0	0	0	0	0	0	0	0
/template/config	0	-	-	-	0	0	0	0	0	0	0	0	0	0	0	0	0	0	0	0	0	0	0	0	0	0	0	0	0
/template/config/_config.yml	140	-	-	-	0	0	0	0	0	0	0	0	0	0	0	0	0	0	0	0	0	0	0	0	0	0	0	0	0
/input/images	0	-	-	-	0	0	0	0	0	0	0	0	0	0	0	0	0	0	0	0	0	0	0	0	0	0	0	0	0
/input/images/MII_MolGen_Profile_Relationships_Final.png	90497	-	-	-	0	0	0	0	0	0	0	0	0	0	0	0	0	0	0	0	0	0	1	0	0	0	0	0	0
/input/images/MII_MolGen_LogicalModel_Domain.png	760227	-	-	-	0	0	0	0	0	0	0	0	0	0	0	0	0	0	0	0	0	0	1	0	0	0	0	0	0
/input/images/MII_MolGen_LogicalModel_Domain.svg	67838	-	-	-	0	0	0	0	0	0	0	0	0	0	0	0	0	0	0	0	0	0	0	0	0	0	0	0	0
/input/images/MII_MolGen_Profile_Relationships_Final.svg	17364	-	-	-	0	0	0	0	0	0	0	0	0	0	0	0	0	0	0	0	0	0	0	0	0	0	0	0	1
/input/images/UML_MolGenBefund2.JPG	165562	-	-	-	0	0	0	0	0	0	0	0	0	0	0	0	0	0	0	0	0	0	1	0	0	0	0	0	0
/temp/pages/_includes/artifacts.xml	90781	-	-	-	-	-	-	-	-	-	-	-	-	-	-	-	-	-	-	-	-	-	2	0	0	0	0	0	0
