URL,Version,Status,OIDs,Name,Title,Description,Used
http://fhir.de/CodeSystem/bfarm/alpha-id,null,active,,AlphaId,Alpha-ID,"Alpha-ID Platzhalter-CodeSystem","ValueSet/mii-vs-diagnose-alphaid"
http://fhir.de/CodeSystem/bfarm/icd-10-gm,null,active,,ICD10GM,ICD-10-GM,"ICD-10-GM Platzhalter-CodeSystem","ValueSet/mii-vs-diagnose-icd10gm"
http://hl7.org/fhir/administrative-gender,4.0.1,active,"2.16.840.1.113883.4.642.4.2",AdministrativeGender,AdministrativeGender,"The gender of a person used for administrative purposes.","ValueSet/administrative-gender"
http://hl7.org/fhir/diagnostic-report-status,4.0.1,draft,"2.16.840.1.113883.4.642.4.236",DiagnosticReportStatus,DiagnosticReportStatus,"The status of the diagnostic report.","ValueSet/diagnostic-report-status"
http://hl7.org/fhir/event-status,4.0.1,draft,"2.16.840.1.113883.4.642.4.110",EventStatus,EventStatus,"Codes identifying the lifecycle stage of an event.","ValueSet/event-status"
http://hl7.org/fhir/history-status,4.0.1,draft,"2.16.840.1.113883.4.642.4.268",FamilyHistoryStatus,FamilyHistoryStatus,"A code that identifies the status of the family history record.","ValueSet/history-status"
http://hl7.org/fhir/observation-status,4.0.1,active,"2.16.840.1.113883.4.642.4.401",ObservationStatus,ObservationStatus,"Codes providing the status of an observation.","ValueSet/observation-status"
http://hl7.org/fhir/quantity-comparator,4.0.1,active,"2.16.840.1.113883.4.642.4.60",QuantityComparator,QuantityComparator,"How the Quantity should be understood and represented.","ValueSet/quantity-comparator"
http://hl7.org/fhir/request-intent,4.0.1,draft,"2.16.840.1.113883.4.642.4.114",RequestIntent,RequestIntent,"Codes indicating the degree of authority/intentionality associated with a request.","ValueSet/request-intent,ValueSet/task-intent"
http://hl7.org/fhir/request-priority,4.0.1,draft,"2.16.840.1.113883.4.642.4.116",RequestPriority,RequestPriority,"Identifies the level of importance to be assigned to actioning the request.","ValueSet/request-priority"
http://hl7.org/fhir/request-status,4.0.1,draft,"2.16.840.1.113883.4.642.4.112",RequestStatus,RequestStatus,"Codes identifying the lifecycle stage of a request.","ValueSet/request-status"
http://hl7.org/fhir/resource-types,4.0.1,active,,ResourceType,ResourceType,"One of the resource types defined as part of this version of FHIR.","ValueSet/resource-types"
http://hl7.org/fhir/task-intent,4.0.1,draft,"2.16.840.1.113883.4.642.4.1241",TaskIntent,TaskIntent,"Distinguishes whether the task is a proposal, plan or full order.","ValueSet/task-intent"
http://hl7.org/fhir/task-status,4.0.1,draft,"2.16.840.1.113883.4.642.4.791",TaskStatus,TaskStatus,"The current status of the task.","ValueSet/task-status"
http://hl7.org/fhir/uv/genomics-reporting/CodeSystem/clinvar-evidence-level-custom-cs,3.0.0,active,,ClinVarEvidenceLevelCustomCS,ClinVar Evidence Level Example Codes,"ClinVar contains examples of evidence level concepts that are not conflated with clinical significance. These can be found on  ClinVar https://www.ncbi.nlm.nih.gov/clinvar/docs/review_status/ . These examples are informational only, for copyright information contact the relevant source.","ValueSet/evidence-level-example-vs"
http://hl7.org/fhir/uv/genomics-reporting/CodeSystem/genomic-study-type-cs,3.0.0,active,,GenomicStudyTypeCS,Genomic Study Type CodeSystem,"Backport of http://hl7.org/fhir/genomicstudy-type","ValueSet/genomic-study-type-vs"
http://hl7.org/fhir/uv/genomics-reporting/CodeSystem/molecular-biomarker-ontology-cs,3.0.0,active,,MolecularBiomarkerOntologyCS,Molecular Biomarker Ontology Codes,"This (experimental) code system provides for a draft categorization of biomarkers along several axes. Based on ballot feedback, the committee anticipates significant revisions.","ValueSet/molecular-biomarker-category-vs"
http://hl7.org/fhir/uv/genomics-reporting/CodeSystem/pharmgkb-evidence-level-custom-cs,3.0.0,active,,PharmGKBEvidenceLevelCustomCS,PharmGKB Evidence Level Example Codes,"PharmGKB contains examples of evidence level concepts that are not conflated with clinical significance. These can be found on PharmGKB https://www.pharmgkb.org/page/clinAnnLevels. These examples are informational only, for copyright information contact the relevant source.","ValueSet/evidence-level-example-vs"
http://human-phenotype-ontology.org,1.0.0,active,"2.16.840.1.113883.6.339",HPO,Human Phenotype Ontology,"""The Human Phenotype Ontology (HPO) provides a standardized vocabulary of phenotypic abnormalities encountered in human disease. Each term in the HPO describes a phenotypic abnormality, such as Atrial septal defect. The HPO is currently being developed using the medical literature, Orphanet, DECIPHER, and OMIM. HPO currently contains over 13,000 terms and over 156,000 annotations to hereditary diseases. The HPO project and others have developed software for phenotype-driven differential diagnostics, genomic diagnostics, and translational research. The HPO is a flagship product of the Monarch Initiative, an NIH-supported international consortium dedicated to semantic integration of biomedical and model organism data with the ultimate goal of improving biomedical research. The HPO, as a part of the Monarch Initiative, is a central component of one of the 13 driver projects in the Global Alliance for Genomics and Health (GA4GH) strategic roadmap.""    Please see https://hpo.jax.org/app/download/ontology.    Releases, produced approximately every 2 months, can be found [here](https://github.com/obophenotype/human-phenotype-ontology/releases).","ValueSet/condition-inheritance-mode-vs"
http://loinc.org,3.1.0,active,"2.16.840.1.113883.6.1",LOINC,Logical Observation Identifiers, Names and Codes (LOINC),"LOINC provides a set of universal names and ID codes for identifying laboratory and clinical test results.1,2 LOINC facilitates the exchange and pooling of results, such as blood hemoglobin, serum potassium, or vital signs, for clinical care, outcomes management, and research. LOINC's universal identifiers (names and codes) can be used in the context of order and observation exchanges between information systems that use syntax standards such as HL73, CEN TC251, ISO TC215, ASTM4, and DICOM. Specifically, the identifier can be used as the coded value for an observation in any other standard that uses the observation/observation value paradigm, whether messages, documents, application programming interface (API), etc. For example, LOINC codes are used widely in the OBX segment Observation Identifier field (OBX-3) of an ORU HL7 (HL7 version 2.x or ASTM 1238-9410) message that may be sent between a Clinical Laboratory Information Management Systems (LIMS) and Electronic Health Record Systems (EHR).5, 6 In this way, LOINC codes provide universal identifiers that allow the exchange of clinical data between heterogeneous computing environments.","ValueSet/report-codes,ValueSet/null,ValueSet/observation-codes,ValueSet/molecular-biomarker-code-vs,ValueSet/genetic-therapeutic-implications-vs"
http://ncicb.nci.nih.gov/xml/owl/EVS/Thesaurus.owl,3.0.0,active,"2.16.840.1.113883.3.26.1.1",NciThesaurus,NCI Thesaurus,"NCI Thesaurus NCI Thesaurus is a biomedical thesaurus created specifically to meet the needs of the cancer research community, especially those engaged in translational research NCI Thesaurus is produced by the NCI Enterprise Vocabulary Services project. The NCI Thesaurus is provided under an open content license.","ValueSet/molecular-biomarker-code-vs"
http://snomed.info/sct,null,active,"2.16.840.1.113883.6.96",SNOMED_CT,SNOMED CT (all versions),"SNOMED CT is the most comprehensive and precise clinical health terminology product in the world, owned and distributed around the world by The International Health Terminology Standards Development Organisation (IHTSDO).","ValueSet/servicerequest-category,ValueSet/clinical-findings,ValueSet/participant-role,ValueSet/procedure-followup,ValueSet/mii-vs-molgen-verwandtschaftsgrad,ValueSet/device-action,ValueSet/mii-vs-diagnose-diagnosecodes-snomed,ValueSet/body-site,ValueSet/procedure-code,ValueSet/medication-as-needed-reason,ValueSet/device-kind,ValueSet/performer-role,ValueSet/referencerange-appliesto,ValueSet/procedure-reason,ValueSet/procedure-outcome,ValueSet/procedure-category,ValueSet/mii-vs-molgen-familiaere-linie,ValueSet/condition-code,ValueSet/procedure-not-performed-reason,ValueSet/mii-vs-molgen-verwandtschaftsverhaeltnis,ValueSet/observation-methods,ValueSet/condition-outcome,ValueSet/mii-vs-molgen-family-member-snomed,ValueSet/servicerequest-orderdetail,ValueSet/genetic-therapeutic-implications-vs"
http://terminology.hl7.org/CodeSystem/data-absent-reason,2.0.0,active,"2.16.840.1.113883.4.642.4.1048",DataAbsentReason,DataAbsentReason,"Used to specify why the normally expected content of the data element is missing.","ValueSet/data-absent-reason"
http://terminology.hl7.org/CodeSystem/history-absent-reason,1.0.1,active,"2.16.840.1.113883.4.642.1.1094",FamilyHistoryAbsentReason,FamilyHistoryAbsentReason,"Codes describing the reason why a family member's history is not available.","ValueSet/history-absent-reason"
http://terminology.hl7.org/CodeSystem/observation-category,2.0.0,active,"2.16.840.1.113883.4.642.1.1125",ObservationCategoryCodes,Observation Category Codes,"Observation Category codes.","ValueSet/observation-category"
http://terminology.hl7.org/CodeSystem/referencerange-meaning,1.0.1,active,"2.16.840.1.113883.4.642.1.1124",ObservationReferenceRangeMeaningCodes,Observation Reference Range Meaning Codes,"This value set defines a set of codes that can be used to indicate the meaning/use of a reference range for a particular target population.","ValueSet/referencerange-meaning"
http://terminology.hl7.org/CodeSystem/risk-probability,1.0.1,active,"2.16.840.1.113883.4.642.1.1133",RiskProbability,Risk Probability,"Codes representing the likelihood of a particular outcome in a risk assessment.","ValueSet/risk-probability"
http://terminology.hl7.org/CodeSystem/v2-0074,3.0.0,active,"2.16.840.1.113883.18.29",DiagnosticServiceSectionId,diagnosticServiceSectionId,"HL7-defined code system of concepts which specify a section of a diagnostic service where the observation may be performed.  Used in HL7 Version 2.x messaging in the OBR and OM4 segments.","ValueSet/diagnostic-service-sections"
http://terminology.hl7.org/CodeSystem/v3-ObservationInterpretation,4.0.0,active,"2.16.840.1.113883.5.83",ObservationInterpretation,ObservationInterpretation,"One or more codes providing a rough qualitative interpretation of the observation, such as ""normal"" / ""abnormal"", ""low"" / ""high"", ""better"" / ""worse"", ""resistant"" / ""susceptible"", ""expected"" / ""not expected"". The value set is intended to be for ANY use where coded representation of an interpretation is needed.","ValueSet/observation-interpretation"
http://terminology.hl7.org/CodeSystem/v3-RoleCode,4.0.0,active,"2.16.840.1.113883.5.111",RoleCode,RoleCode,"A set of codes further specifying the kind of Role; specific classification codes for further qualifying RoleClass codes.","ValueSet/v3-PersonalRelationshipRoleType,ValueSet/v3-FamilyMember,ValueSet/v3-ServiceDeliveryLocationRoleType"
http://terminology.hl7.org/CodeSystem/variant-confidence-status-cs,3.0.0,active,,VariantConfidenceStatusCS,Variant Confidence Status Codes,"A code that represents the confidence of a true positive variant call.","ValueSet/variant-confidence-status-vs"
http://varnomen.hgvs.org,2.0.1,active,"2.16.840.1.113883.6.282",Hgvs,Human Genome Variation Society nomenclature,"HGVS nomenclatures are the guidelines for mutation nomenclature made by the Human Genome Variation Society.    HGVS nomenclature can be used with the HL7 coded data type (code data type that accepts expression data, or a coded expression data type). This coded data type should be able to distinguish expressions in HGVS nomenclature from coded concepts. For example, in the HL7 messages specified according to the HL7 V2 Clinical Genomics Fully LOINC-Qualified Genetic Variation Model, HGVS nomenclature can be used to as the observation values for DNA sequence variations. For example, OBX|1|CWE|48004-6^DNA Sequence Variation^LN||c.1129C>T^^HGVS|    Versioning information: The HGVS nomenclature for the description of sequence variants was last modified Feb 20, 2008. The HGVS nomenclature for the description of protein sequence variants was last modified May 12, 2007. The HGVS nomenclature for the description of DNA sequence variants was last modified June 15, 2007 The HGVS nomenclature for the description of RNA sequence variants was last modified May 12, 2007    HGVS nomenclatures can be used freely by the public.","ValueSet/hgvs-vs"
http://www.genenames.org,3.1.0,active,"2.16.840.1.113883.6.281",HGNCGenes,HUGO Gene Nomenclature Committee Genes,"""The HGNC is responsible for approving unique symbols and names for human loci, including protein coding genes, ncRNA genes and pseudogenes, to allow unambiguous scientific communication.""    The HGNC gene table carries gene IDs, gene symbols and full gene names. Guidance from HGNC confirms that gene symbols are not unique across species and have been known to change in some instances. Thus the commonly used gene symbols should be encoded in FHIR as ""displays"" with the corresponding IDs (beginning with ""HGNC:"") as the ""codes"".    ""For each known human gene we approve a gene name and symbol (short-form abbreviation). All approved symbols are stored in the HGNC database,[www.genenames.org](https://www.genenames.org/tools/search), a curated online repository of HGNC-approved gene nomenclature, gene groups and associated resources including links to genomic, proteomic and phenotypic information. Each symbol is unique and we ensure that each gene is only given one approved gene symbol. It is necessary to provide a unique symbol for each gene so that we and others can talk about them, and this also facilitates electronic data retrieval from publications and databases.""    HGNC also provides an index on gene families/groups. GeneGroup IDs do not begin with ""HGNC:"", so care must be made to ensure alignment of concepts when viewing an HGNC ID from an older system that may be referring to the GeneID and not a gene group. For example, 588 refers to the HLA gene family, but HGNC:588 identifies the ATG12 gene. To provide clarity for systems that do not distinguish codes from genes and gene families, use ""http://www.genenames.org"" for genes and ""http://www.genenames.org/genegroup"" for gene families as code system URIs.    For more information on HGNC Gene Groups, see [https://terminology.hl7.org/CodeSystem-HGNCGeneGroup.html](https://terminology.hl7.org/CodeSystem-HGNCGeneGroup.html).    Historically, HGNC gene symbols were used with the HL7 coded data type. For example, in the HL7 messages specified according to the HL7 V2 Clinical Genomics Fully LOINC-Qualified Genetic Variation Model Implementation Guide, HGNC gene symbols were used as the observation values for gene identifiers. For example, OBX 1 CWE 48018-6^Gene identifier^ BRCA1^HGNC. Please note that gene symbols may be present in legacy systems, but GeneID should be used to exchange HGNC gene information in current implementations.    HGNC is a free database for the public.    Versioning Information: The version of the HGNC database is reported using the last updated date. The last updated date is posted on the main HGNC Search screen in the format like ""2024-07-25"".    Current, monthly and quarterly HGNC dataset files are published.    Please see https://www.genenames.org/ for more info.","ValueSet/hgnc-vs"
http://www.genenames.org/genegroup,1.1.0,active,,HGNCGeneGroup,HUGO Gene Nomenclature Committee Gene Group,"""The HGNC is responsible for approving unique symbols and names for human loci, including protein coding genes, ncRNA genes and pseudogenes, to allow unambiguous scientific communication.""    HGNC Gene Group is an index on gene families/groups. The numeric GeneGroup IDs should be used as codes. GeneGroup IDs do not begin with ""HGNC:"" (like the GeneIDs for genes in HGNC Genes), so care must be made to ensure alignment of concepts when viewing an HGNC ID from an older system that may be referring to the GeneID and not a gene group. For example, 588 refers to the HLA gene family, but HGNC:588 identifies the ATG12 gene. To provide clarity for systems that do not distinguish codes from genes and gene families, use ""http://www.genenames.org"" for genes and ""http://www.genenames.org/genegroup"" for gene families as code system URIs.    ""For each known human gene we approve a gene name and symbol (short-form abbreviation). All approved symbols are stored in the HGNC database,[www.genenames.org](https://www.genenames.org/tools/search), a curated online repository of HGNC-approved gene nomenclature, gene groups and associated resources including links to genomic, proteomic and phenotypic information. Each symbol is unique and we ensure that each gene is only given one approved gene symbol. It is necessary to provide a unique symbol for each gene so that we and others can talk about them, and this also facilitates electronic data retrieval from publications and databases.""    For more information on the use of HGNC Genes, see [https://terminology.hl7.org/CodeSystem-v3-hgnc.html](https://terminology.hl7.org/CodeSystem-v3-hgnc.html).    HGNC is a free database for the public.    Please see https://www.genenames.org/ for more info.","ValueSet/hgnc-vs"
http://www.sequenceontology.org,1.0.0,active,,SO,Sequence Ontology,"""The Sequence Ontology is a set of terms and relationships used to describe the features and attributes of biological sequence. SO includes different kinds of features which can be located on the sequence. Biological features are those which are defined by their disposition to be involved in a biological process.""    ""The Sequence Ontologies are provided as a resource to the biological community. They have the following obvious uses:    * To provide for a structured controlled vocabulary for the description of primary annotations of nucleic acid sequence, e.g. the annotations shared by a DAS server ([BioDAS](http://www.biodas.org/documents/das2/das2_protocol.html), [Biosapiens DAS](http://www.biosapiens.info/page.php?page=das_portal)), or annotations encoded by [GFF3](http://www.sequenceontology.org/gff3.shtml).""    * To provide for a structured representation of these annotations within databases. Were genes within model organism databases to be annotated with these terms then it would be possible to query all these databases for, for example, all genes whose transcripts are edited, or trans-spliced, or are bound by a particular protein. One such genomic database is [Chado](http://www.gmod.org/wiki/Chado).    * To provide a structured controlled vocabulary for the description of mutations at both the sequence and more gross level in the context of genomic databases.""    ""The Sequence Ontology is part of [OBO](http://www.obofoundry.org/). It has close links to other ontology projects such as the [RNAO consortium](http://roc.bgsu.edu/), and the [Biosapiens polypeptide features](http://www.ebi.ac.uk/ontology-lookup/browse.do?ontName=BS).""    The content can be browsed [here](http://www.sequenceontology.org/browser/obob.cgi)    The content can be downloaded [here](https://github.com/The-Sequence-Ontology/SO-Ontologies)    For information on contributing, please see [here](https://github.com/The-Sequence-Ontology/SO-Ontologies#contributing)    To request a term or register feedback, see [here](https://github.com/The-Sequence-Ontology/SO-Ontologies/issues)","ValueSet/molecular-consequence-vs,ValueSet/functional-effect-vs,ValueSet/dna-change-type-vs"
urn:ietf:bcp:47,2.0.1,active,,Ietf3066,Tags for the Identification of Languages,"Older value from OID registry.  Superceded; see recommendations in BCP-47.","ValueSet/languages"
